scene_id,acq_dt,acq_date,platform,orbit_pass,rel_orbit,abs_orbit,mode,polarizations
S1A_IW_GRDH_1SDV_20150612T221710_20150612T221738_006346_0085A2_rtc,2015-06-12T22:17:24.319470+00:00,2015-06-12,S1A,descending,149,6346,IW,"VH,VV"
S1A_IW_GRDH_1SDV_20150615T103312_20150615T103341_006383_0086AA_rtc,2015-06-15T10:33:27.038023+00:00,2015-06-15,S1A,ascending,11,6383,IW,"VH,VV"
S1A_IW_GRDH_1SDV_20150627T103313_20150627T103342_006558_008B9C_rtc,2015-06-27T10:33:27.881860+00:00,2015-06-27,S1A,ascending,11,6558,IW,"VH,VV"
S1A_IW_GRDH_1SDV_20150704T102502_20150704T102531_006660_008E4C_rtc,2015-07-04T10:25:17.222634+00:00,2015-07-04,S1A,ascending,113,6660,IW,"VH,VV"
S1A_IW_GRDH_1SDV_20150709T103312_20150709T103341_006733_009049_rtc,2015-07-09T10:33:27.070128+00:00,2015-07-09,S1A,ascending,11,6733,IW,"VH,VV"
S1A_IW_GRDH_1SDV_20150716T102503_20150716T102532_006835_009351_rtc,2015-07-16T10:25:17.807257+00:00,2015-07-16,S1A,ascending,113,6835,IW,"VH,VV"
S1A_IW_GRDH_1SDV_20150721T103313_20150721T103342_006908_009560_rtc,2015-07-21T10:33:28.219719+00:00,2015-07-21,S1A,ascending,11,6908,IW,"VH,VV"
S1A_IW_GRDH_1SDV_20150728T102504_20150728T102533_007010_00984E_rtc,2015-07-28T10:25:18.630201+00:00,2015-07-28,S1A,ascending,113,7010,IW,"VH,VV"
S1A_IW_GRDH_1SDV_20150802T103314_20150802T103343_007083_009A41_rtc,2015-08-02T10:33:28.942286+00:00,2015-08-02,S1A,ascending,11,7083,IW,"VH,VV"
S1A_IW_GRDH_1SDV_20150809T102504_20150809T102533_007185_009D09_rtc,2015-08-09T10:25:19.306078+00:00,2015-08-09,S1A,ascending,113,7185,IW,"VH,VV"
S1A_IW_GRDH_1SDV_20150814T103315_20150814T103344_007258_009F0C_rtc,2015-08-14T10:33:29.552647+00:00,2015-08-14,S1A,ascending,11,7258,IW,"VH,VV"
S1A_IW_GRDH_1SDV_20150821T102505_20150821T102534_007360_00A1CD_rtc,2015-08-21T10:25:19.952434+00:00,2015-08-21,S1A,ascending,113,7360,IW,"VH,VV"
S1A_IW_GRDH_1SDV_20150902T102505_20150902T102534_007535_00A699_rtc,2015-09-02T10:25:20.299313+00:00,2015-09-02,S1A,ascending,113,7535,IW,"VH,VV"
S1A_IW_GRDH_1SDV_20150907T103316_20150907T103351_007608_00A898_rtc,2015-09-07T10:33:33.801717+00:00,2015-09-07,S1A,ascending,11,7608,IW,"VH,VV"
S1A_IW_GRDH_1SDV_20150914T102506_20150914T102535_007710_00AB4B_rtc,2015-09-14T10:25:20.793137+00:00,2015-09-14,S1A,ascending,113,7710,IW,"VH,VV"
S1A_IW_GRDH_1SDV_20150919T103316_20150919T103345_007783_00AD3B_rtc,2015-09-19T10:33:30.881472+00:00,2015-09-19,S1A,ascending,11,7783,IW,"VH,VV"
S1A_IW_GRDH_1SDV_20150926T102506_20150926T102535_007885_00AFF9_rtc,2015-09-26T10:25:21.139478+00:00,2015-09-26,S1A,ascending,113,7885,IW,"VH,VV"
S1A_IW_GRDH_1SDV_20151001T103316_20151001T103351_007958_00B1F9_rtc,2015-10-01T10:33:34.305798+00:00,2015-10-01,S1A,ascending,11,7958,IW,"VH,VV"
S1A_IW_GRDH_1SDV_20151008T102506_20151008T102535_008060_00B4A7_rtc,2015-10-08T10:25:21.284331+00:00,2015-10-08,S1A,ascending,113,8060,IW,"VH,VV"
S1A_IW_GRDH_1SDV_20151013T103316_20151013T103345_008133_00B69F_rtc,2015-10-13T10:33:31.368523+00:00,2015-10-13,S1A,ascending,11,8133,IW,"VH,VV"
S1A_IW_GRDH_1SDV_20151020T102506_20151020T102535_008235_00B97C_rtc,2015-10-20T10:25:21.257179+00:00,2015-10-20,S1A,ascending,113,8235,IW,"VH,VV"
S1A_IW_GRDH_1SDV_20151101T102506_20151101T102535_008410_00BE1E_rtc,2015-11-01T10:25:21.200148+00:00,2015-11-01,S1A,ascending,113,8410,IW,"VH,VV"
S1A_IW_GRDH_1SDV_20151113T102500_20151113T102529_008585_00C2D0_rtc,2015-11-13T10:25:15.440686+00:00,2015-11-13,S1A,ascending,113,8585,IW,"VH,VV"
S1A_IW_GRDH_1SDV_20151125T102500_20151125T102529_008760_00C7B3_rtc,2015-11-25T10:25:15.228879+00:00,2015-11-25,S1A,ascending,113,8760,IW,"VH,VV"
S1A_IW_GRDH_1SDV_20151207T102500_20151207T102529_008935_00CCAD_rtc,2015-12-07T10:25:15.025249+00:00,2015-12-07,S1A,ascending,113,8935,IW,"VH,VV"
S1A_IW_GRDH_1SDV_20151212T103310_20151212T103339_009008_00CEA9_rtc,2015-12-12T10:33:24.760849+00:00,2015-12-12,S1A,ascending,11,9008,IW,"VH,VV"
S1A_IW_GRDH_1SDV_20151219T102459_20151219T102528_009110_00D17F_rtc,2015-12-19T10:25:14.393991+00:00,2015-12-19,S1A,ascending,113,9110,IW,"VH,VV"
S1A_IW_GRDH_1SDV_20151224T103309_20151224T103338_009183_00D39A_rtc,2015-12-24T10:33:24.122493+00:00,2015-12-24,S1A,ascending,11,9183,IW,"VH,VV"
S1A_IW_GRDH_1SDV_20151231T102459_20151231T102528_009285_00D67F_rtc,2015-12-31T10:25:14.020365+00:00,2015-12-31,S1A,ascending,113,9285,IW,"VH,VV"
S1A_IW_GRDH_1SDV_20160105T103309_20160105T103344_009358_00D892_rtc,2016-01-05T10:33:26.969625+00:00,2016-01-05,S1A,ascending,11,9358,IW,"VH,VV"
S1A_IW_GRDH_1SDV_20160112T102459_20160112T102528_009460_00DB7C_rtc,2016-01-12T10:25:13.516525+00:00,2016-01-12,S1A,ascending,113,9460,IW,"VH,VV"
S1A_IW_GRDH_1SDV_20160117T103308_20160117T103337_009533_00DD94_rtc,2016-01-17T10:33:23.440163+00:00,2016-01-17,S1A,ascending,11,9533,IW,"VH,VV"
S1A_IW_GRDH_1SDV_20160124T102458_20160124T102527_009635_00E09A_rtc,2016-01-24T10:25:13.185658+00:00,2016-01-24,S1A,ascending,113,9635,IW,"VH,VV"
S1A_IW_GRDH_1SDV_20160129T103308_20160129T103343_009708_00E2BE_rtc,2016-01-29T10:33:26.058988+00:00,2016-01-29,S1A,ascending,11,9708,IW,"VH,VV"
S1A_IW_GRDH_1SDV_20160205T102458_20160205T102527_009810_00E5A8_rtc,2016-02-05T10:25:13.088958+00:00,2016-02-05,S1A,ascending,113,9810,IW,"VH,VV"
S1A_IW_GRDH_1SDV_20160210T103308_20160210T103337_009883_00E7C2_rtc,2016-02-10T10:33:22.676000+00:00,2016-02-10,S1A,ascending,11,9883,IW,"VH,VV"
S1A_IW_GRDH_1SDV_20160217T102458_20160217T102527_009985_00EACC_rtc,2016-02-17T10:25:12.866909+00:00,2016-02-17,S1A,ascending,113,9985,IW,"VH,VV"
S1A_IW_GRDH_1SDV_20160312T102458_20160312T102527_010335_00F4DB_rtc,2016-03-12T10:25:12.960849+00:00,2016-03-12,S1A,ascending,113,10335,IW,"VH,VV"
S1A_IW_GRDH_1SDV_20160324T102458_20160324T102527_010510_00F9BF_rtc,2016-03-24T10:25:13.316817+00:00,2016-03-24,S1A,ascending,113,10510,IW,"VH,VV"
S1A_IW_GRDH_1SDV_20160329T103308_20160329T103338_010583_00FBDA_rtc,2016-03-29T10:33:23.503065+00:00,2016-03-29,S1A,ascending,11,10583,IW,"VH,VV"
S1A_IW_GRDH_1SDV_20160405T102459_20160405T102528_010685_00FED5_rtc,2016-04-05T10:25:13.748404+00:00,2016-04-05,S1A,ascending,113,10685,IW,"VH,VV"
S1A_IW_GRDH_1SDV_20160422T103309_20160422T103338_010933_010659_rtc,2016-04-22T10:33:24.356484+00:00,2016-04-22,S1A,ascending,11,10933,IW,"VH,VV"
S1A_IW_GRDH_1SDV_20160429T102500_20160429T102529_011035_01098C_rtc,2016-04-29T10:25:14.735980+00:00,2016-04-29,S1A,ascending,113,11035,IW,"VH,VV"
S1A_IW_GRDH_1SDV_20160504T103310_20160504T103339_011108_010BD3_rtc,2016-05-04T10:33:24.870797+00:00,2016-05-04,S1A,ascending,11,11108,IW,"VH,VV"
S1A_IW_GRDH_1SDV_20160511T102500_20160511T102530_011210_010F14_rtc,2016-05-11T10:25:15.505344+00:00,2016-05-11,S1A,ascending,113,11210,IW,"VH,VV"
S1A_IW_GRDH_1SDV_20160516T103313_20160516T103342_011283_011177_rtc,2016-05-16T10:33:28.416055+00:00,2016-05-16,S1A,ascending,11,11283,IW,"VH,VV"
S1A_IW_GRDH_1SDV_20160523T102501_20160523T102530_011385_0114CC_rtc,2016-05-23T10:25:15.997283+00:00,2016-05-23,S1A,ascending,113,11385,IW,"VH,VV"
S1A_IW_GRDH_1SDV_20160528T103314_20160528T103343_011458_011737_rtc,2016-05-28T10:33:29.052082+00:00,2016-05-28,S1A,ascending,11,11458,IW,"VH,VV"
S1A_IW_GRDH_1SDV_20160609T103315_20160609T103344_011633_011CB0_rtc,2016-06-09T10:33:29.750988+00:00,2016-06-09,S1A,ascending,11,11633,IW,"VH,VV"
S1A_IW_GRDH_1SDV_20160703T103316_20160703T103345_011983_0127C5_rtc,2016-07-03T10:33:31.203678+00:00,2016-07-03,S1A,ascending,11,11983,IW,"VH,VV"
S1A_IW_GRDH_1SDV_20160722T102504_20160722T102533_012260_0130D0_rtc,2016-07-22T10:25:19.415325+00:00,2016-07-22,S1A,ascending,113,12260,IW,"VH,VV"
S1A_IW_GRDH_1SDV_20160803T102505_20160803T102534_012435_0136A4_rtc,2016-08-03T10:25:20.342677+00:00,2016-08-03,S1A,ascending,113,12435,IW,"VH,VV"
S1A_IW_GRDH_1SDV_20160808T103318_20160808T103331_012508_013913_rtc,2016-08-08T10:33:25.264008+00:00,2016-08-08,S1A,ascending,11,12508,IW,"VH,VV"
S1A_IW_GRDH_1SDV_20160815T102506_20160815T102535_012610_013C64_rtc,2016-08-15T10:25:20.759753+00:00,2016-08-15,S1A,ascending,113,12610,IW,"VH,VV"
S1A_IW_GRDH_1SDV_20160820T103319_20160820T103348_012683_013ED7_rtc,2016-08-20T10:33:33.802595+00:00,2016-08-20,S1A,ascending,11,12683,IW,"VH,VV"
S1A_IW_GRDH_1SDV_20160827T102506_20160827T102535_012785_01424D_rtc,2016-08-27T10:25:21.300350+00:00,2016-08-27,S1A,ascending,113,12785,IW,"VH,VV"
S1A_IW_GRDH_1SDV_20160913T103320_20160913T103349_013033_014A61_rtc,2016-09-13T10:33:34.697292+00:00,2016-09-13,S1A,ascending,11,13033,IW,"VH,VV"
S1A_IW_GRDH_1SDV_20160920T102507_20160920T102536_013135_014DCE_rtc,2016-09-20T10:25:22.195548+00:00,2016-09-20,S1A,ascending,113,13135,IW,"VH,VV"
S1A_IW_GRDH_1SDV_20160925T103320_20160925T103349_013208_015034_rtc,2016-09-25T10:33:35.130491+00:00,2016-09-25,S1A,ascending,11,13208,IW,"VH,VV"
S1A_IW_GRDH_1SDV_20161002T102507_20161002T102536_013310_01536C_rtc,2016-10-02T10:25:22.442961+00:00,2016-10-02,S1A,ascending,113,13310,IW,"VH,VV"
S1A_IW_GRDH_1SDV_20161007T103320_20161007T103349_013383_0155AE_rtc,2016-10-07T10:33:35.097525+00:00,2016-10-07,S1A,ascending,11,13383,IW,"VH,VV"
S1A_IW_GRDH_1SDV_20161014T102507_20161014T102536_013485_0158F4_rtc,2016-10-14T10:25:22.437042+00:00,2016-10-14,S1A,ascending,113,13485,IW,"VH,VV"
S1A_IW_GRDH_1SDV_20161019T103320_20161019T103349_013558_015B44_rtc,2016-10-19T10:33:34.995669+00:00,2016-10-19,S1A,ascending,11,13558,IW,"VH,VV"
S1A_IW_GRDH_1SDV_20161026T102508_20161026T102537_013660_015E64_rtc,2016-10-26T10:25:22.536774+00:00,2016-10-26,S1A,ascending,113,13660,IW,"VH,VV"
S1A_IW_GRDH_1SDV_20161031T103320_20161031T103349_013733_01609E_rtc,2016-10-31T10:33:35.188977+00:00,2016-10-31,S1A,ascending,11,13733,IW,"VH,VV"
S1A_IW_GRDH_1SDV_20161107T102507_20161107T102536_013835_0163DB_rtc,2016-11-07T10:25:22.321863+00:00,2016-11-07,S1A,ascending,113,13835,IW,"VH,VV"
S1A_IW_GRDH_1SDV_20161112T103320_20161112T103349_013908_01662D_rtc,2016-11-12T10:33:34.988239+00:00,2016-11-12,S1A,ascending,11,13908,IW,"VH,VV"
S1A_IW_GRDH_1SDV_20161119T102507_20161119T102536_014010_016946_rtc,2016-11-19T10:25:22.122960+00:00,2016-11-19,S1A,ascending,113,14010,IW,"VH,VV"
S1A_IW_GRDH_1SDV_20161124T103320_20161124T103349_014083_016B78_rtc,2016-11-24T10:33:34.799815+00:00,2016-11-24,S1A,ascending,11,14083,IW,"VH,VV"
S1A_IW_GRDH_1SDV_20161201T102507_20161201T102536_014185_016EAA_rtc,2016-12-01T10:25:21.781390+00:00,2016-12-01,S1A,ascending,113,14185,IW,"VH,VV"
S1A_IW_GRDH_1SDV_20161206T103319_20161206T103348_014258_0170F8_rtc,2016-12-06T10:33:34.408789+00:00,2016-12-06,S1A,ascending,11,14258,IW,"VH,VV"
S1A_IW_GRDH_1SDV_20161213T102506_20161213T102535_014360_017446_rtc,2016-12-13T10:25:21.373883+00:00,2016-12-13,S1A,ascending,113,14360,IW,"VH,VV"
S1A_IW_GRDH_1SDV_20161218T103319_20161218T103348_014433_01767A_rtc,2016-12-18T10:33:33.930533+00:00,2016-12-18,S1A,ascending,11,14433,IW,"VH,VV"
S1A_IW_GRDH_1SDV_20161225T102506_20161225T102535_014535_0179AE_rtc,2016-12-25T10:25:21.005017+00:00,2016-12-25,S1A,ascending,113,14535,IW,"VH,VV"
S1A_IW_GRDH_1SDV_20161230T103319_20161230T103348_014608_017BF2_rtc,2016-12-30T10:33:33.571816+00:00,2016-12-30,S1A,ascending,11,14608,IW,"VH,VV"
S1A_IW_GRDH_1SDV_20170106T102504_20170106T102533_014710_017F03_rtc,2017-01-06T10:25:19.417458+00:00,2017-01-06,S1A,ascending,113,14710,IW,"VH,VV"
S1A_IW_GRDH_1SDV_20170111T103317_20170111T103346_014783_018133_rtc,2017-01-11T10:33:32.050510+00:00,2017-01-11,S1A,ascending,11,14783,IW,"VH,VV"
S1A_IW_GRDH_1SDV_20170118T102504_20170118T102533_014885_018473_rtc,2017-01-18T10:25:18.950377+00:00,2017-01-18,S1A,ascending,113,14885,IW,"VH,VV"
S1A_IW_GRDH_1SDV_20170123T103317_20170123T103346_014958_0186AB_rtc,2017-01-23T10:33:31.728575+00:00,2017-01-23,S1A,ascending,11,14958,IW,"VH,VV"
S1A_IW_GRDH_1SDV_20170130T102504_20170130T102533_015060_0189C8_rtc,2017-01-30T10:25:18.852280+00:00,2017-01-30,S1A,ascending,113,15060,IW,"VH,VV"
S1A_IW_GRDH_1SDV_20170204T103316_20170204T103346_015133_018BFA_rtc,2017-02-04T10:33:31.500709+00:00,2017-02-04,S1A,ascending,11,15133,IW,"VH,VV"
S1A_IW_GRDH_1SDV_20170211T102504_20170211T102533_015235_018F3E_rtc,2017-02-11T10:25:18.620533+00:00,2017-02-11,S1A,ascending,113,15235,IW,"VH,VV"
S1A_IW_GRDH_1SDV_20170216T103316_20170216T103345_015308_019180_rtc,2017-02-16T10:33:31.141306+00:00,2017-02-16,S1A,ascending,11,15308,IW,"VH,VV"
S1A_IW_GRDH_1SDV_20170223T102503_20170223T102532_015410_0194A7_rtc,2017-02-23T10:25:18.493908+00:00,2017-02-23,S1A,ascending,113,15410,IW,"VH,VV"
S1A_IW_GRDH_1SDV_20170228T103316_20170228T103345_015483_0196DA_rtc,2017-02-28T10:33:31.050838+00:00,2017-02-28,S1A,ascending,11,15483,IW,"VH,VV"
S1A_IW_GRDH_1SDV_20170307T102503_20170307T102532_015585_0199F1_rtc,2017-03-07T10:25:18.440274+00:00,2017-03-07,S1A,ascending,113,15585,IW,"VH,VV"
S1A_IW_GRDH_1SDV_20170312T103303_20170312T103332_015658_019C22_rtc,2017-03-12T10:33:17.534193+00:00,2017-03-12,S1A,ascending,11,15658,IW,"VH,VV"
S1A_IW_GRDH_1SDV_20170319T102450_20170319T102519_015760_019F24_rtc,2017-03-19T10:25:04.921927+00:00,2017-03-19,S1A,ascending,113,15760,IW,"VH,VV"
S1A_IW_GRDH_1SDV_20170324T103303_20170324T103332_015833_01A154_rtc,2017-03-24T10:33:17.714565+00:00,2017-03-24,S1A,ascending,11,15833,IW,"VH,VV"
S1A_IW_GRDH_1SDV_20170331T102450_20170331T102519_015935_01A45A_rtc,2017-03-31T10:25:05.222588+00:00,2017-03-31,S1A,ascending,113,15935,IW,"VH,VV"
S1A_IW_GRDH_1SDV_20170405T103303_20170405T103332_016008_01A685_rtc,2017-04-05T10:33:18.183124+00:00,2017-04-05,S1A,ascending,11,16008,IW,"VH,VV"
S1A_IW_GRDH_1SDV_20170412T102451_20170412T102520_016110_01A9A5_rtc,2017-04-12T10:25:05.723237+00:00,2017-04-12,S1A,ascending,113,16110,IW,"VH,VV"
S1A_IW_GRDH_1SDV_20170417T103304_20170417T103333_016183_01ABE3_rtc,2017-04-17T10:33:18.781152+00:00,2017-04-17,S1A,ascending,11,16183,IW,"VH,VV"
S1A_IW_GRDH_1SDV_20170424T102451_20170424T102520_016285_01AF06_rtc,2017-04-24T10:25:06.259339+00:00,2017-04-24,S1A,ascending,113,16285,IW,"VH,VV"
S1A_IW_GRDH_1SDV_20170429T103304_20170429T103333_016358_01B134_rtc,2017-04-29T10:33:19.204247+00:00,2017-04-29,S1A,ascending,11,16358,IW,"VH,VV"
S1A_IW_GRDH_1SDV_20170506T102452_20170506T102521_016460_01B44A_rtc,2017-05-06T10:25:07.051609+00:00,2017-05-06,S1A,ascending,113,16460,IW,"VH,VV"
S1A_IW_GRDH_1SDV_20170511T103305_20170511T103334_016533_01B67A_rtc,2017-05-11T10:33:19.953393+00:00,2017-05-11,S1A,ascending,11,16533,IW,"VH,VV"
S1A_IW_GRDH_1SDV_20170518T102453_20170518T102522_016635_01B9A2_rtc,2017-05-18T10:25:07.627591+00:00,2017-05-18,S1A,ascending,113,16635,IW,"VH,VV"
S1A_IW_GRDH_1SDV_20170523T103305_20170523T103334_016708_01BBE4_rtc,2017-05-23T10:33:20.434779+00:00,2017-05-23,S1A,ascending,11,16708,IW,"VH,VV"
S1A_IW_GRDH_1SDV_20170530T102453_20170530T102522_016810_01BF06_rtc,2017-05-30T10:25:08.167799+00:00,2017-05-30,S1A,ascending,113,16810,IW,"VH,VV"
S1A_IW_GRDH_1SDV_20170611T102454_20170611T102523_016985_01C474_rtc,2017-06-11T10:25:09.011588+00:00,2017-06-11,S1A,ascending,113,16985,IW,"VH,VV"
S1A_IW_GRDH_1SDV_20170623T102455_20170623T102524_017160_01C9CC_rtc,2017-06-23T10:25:09.693087+00:00,2017-06-23,S1A,ascending,113,17160,IW,"VH,VV"
S1A_IW_GRDH_1SDV_20170628T103308_20170628T103337_017233_01CC03_rtc,2017-06-28T10:33:22.715852+00:00,2017-06-28,S1A,ascending,11,17233,IW,"VH,VV"
S1A_IW_GRDH_1SDV_20170705T102455_20170705T102524_017335_01CF18_rtc,2017-07-05T10:25:10.167726+00:00,2017-07-05,S1A,ascending,113,17335,IW,"VH,VV"
S1A_IW_GRDH_1SDV_20170710T103308_20170710T103337_017408_01D14B_rtc,2017-07-10T10:33:23.291099+00:00,2017-07-10,S1A,ascending,11,17408,IW,"VH,VV"
S1A_IW_GRDH_1SDV_20170717T102456_20170717T102525_017510_01D468_rtc,2017-07-17T10:25:10.956706+00:00,2017-07-17,S1A,ascending,113,17510,IW,"VH,VV"
S1A_IW_GRDH_1SDV_20170722T103309_20170722T103338_017583_01D69D_rtc,2017-07-22T10:33:24.001338+00:00,2017-07-22,S1A,ascending,11,17583,IW,"VH,VV"
S1A_IW_GRDH_1SDV_20170729T102457_20170729T102526_017685_01D9C4_rtc,2017-07-29T10:25:11.808232+00:00,2017-07-29,S1A,ascending,113,17685,IW,"VH,VV"
S1A_IW_GRDH_1SDV_20170803T103310_20170803T103339_017758_01DBF5_rtc,2017-08-03T10:33:24.744900+00:00,2017-08-03,S1A,ascending,11,17758,IW,"VH,VV"
S1A_IW_GRDH_1SDV_20170810T102457_20170810T102526_017860_01DF17_rtc,2017-08-10T10:25:12.334817+00:00,2017-08-10,S1A,ascending,113,17860,IW,"VH,VV"
S1A_IW_GRDH_1SDV_20170815T103310_20170815T103339_017933_01E14A_rtc,2017-08-15T10:33:25.354441+00:00,2017-08-15,S1A,ascending,11,17933,IW,"VH,VV"
S1A_IW_GRDH_1SDV_20170822T102458_20170822T102527_018035_01E469_rtc,2017-08-22T10:25:12.958099+00:00,2017-08-22,S1A,ascending,113,18035,IW,"VH,VV"
S1A_IW_GRDH_1SDV_20170827T103311_20170827T103340_018108_01E695_rtc,2017-08-27T10:33:25.959496+00:00,2017-08-27,S1A,ascending,11,18108,IW,"VH,VV"
S1A_IW_GRDH_1SDV_20170908T103311_20170908T103340_018283_01EBEC_rtc,2017-09-08T10:33:26.316773+00:00,2017-09-08,S1A,ascending,11,18283,IW,"VH,VV"
S1A_IW_GRDH_1SDV_20170915T102459_20170915T102528_018385_01EF21_rtc,2017-09-15T10:25:13.912445+00:00,2017-09-15,S1A,ascending,113,18385,IW,"VH,VV"
S1A_IW_GRDH_1SDV_20170920T103312_20170920T103341_018458_01F14E_rtc,2017-09-20T10:33:26.811176+00:00,2017-09-20,S1A,ascending,11,18458,IW,"VH,VV"
S1A_IW_GRDH_1SDV_20170927T102459_20170927T102528_018560_01F47C_rtc,2017-09-27T10:25:14.196367+00:00,2017-09-27,S1A,ascending,113,18560,IW,"VH,VV"
S1A_IW_GRDH_1SDV_20171002T103312_20171002T103341_018633_01F6B2_rtc,2017-10-02T10:33:27.072409+00:00,2017-10-02,S1A,ascending,11,18633,IW,"VH,VV"
S1A_IW_GRDH_1SDV_20171009T102459_20171009T102528_018735_01F9CC_rtc,2017-10-09T10:25:14.449096+00:00,2017-10-09,S1A,ascending,113,18735,IW,"VH,VV"
S1A_IW_GRDH_1SDV_20171014T103312_20171014T103341_018808_01FC02_rtc,2017-10-14T10:33:27.278407+00:00,2017-10-14,S1A,ascending,11,18808,IW,"VH,VV"
S1A_IW_GRDH_1SDV_20171021T102500_20171021T102529_018910_01FF31_rtc,2017-10-21T10:25:14.568796+00:00,2017-10-21,S1A,ascending,113,18910,IW,"VH,VV"
S1A_IW_GRDH_1SDV_20171026T103312_20171026T103341_018983_020151_rtc,2017-10-26T10:33:27.336845+00:00,2017-10-26,S1A,ascending,11,18983,IW,"VH,VV"
S1A_IW_GRDH_1SDV_20171102T102500_20171102T102529_019085_020480_rtc,2017-11-02T10:25:14.596014+00:00,2017-11-02,S1A,ascending,113,19085,IW,"VH,VV"
S1A_IW_GRDH_1SDV_20171107T103312_20171107T103341_019158_0206BE_rtc,2017-11-07T10:33:27.072488+00:00,2017-11-07,S1A,ascending,11,19158,IW,"VH,VV"
S1A_IW_GRDH_1SDV_20171114T102459_20171114T102528_019260_0209F5_rtc,2017-11-14T10:25:14.222550+00:00,2017-11-14,S1A,ascending,113,19260,IW,"VH,VV"
S1A_IW_GRDH_1SDV_20171119T103312_20171119T103341_019333_020C3A_rtc,2017-11-19T10:33:26.916954+00:00,2017-11-19,S1A,ascending,11,19333,IW,"VH,VV"
S1A_IW_GRDH_1SDV_20171126T102459_20171126T102528_019435_020F7F_rtc,2017-11-26T10:25:14.052334+00:00,2017-11-26,S1A,ascending,113,19435,IW,"VH,VV"
S1A_IW_GRDH_1SDV_20171201T103312_20171201T103341_019508_0211B3_rtc,2017-12-01T10:33:26.577926+00:00,2017-12-01,S1A,ascending,11,19508,IW,"VH,VV"
S1A_IW_GRDH_1SDV_20171208T102458_20171208T102527_019610_0214F2_rtc,2017-12-08T10:25:13.418404+00:00,2017-12-08,S1A,ascending,113,19610,IW,"VH,VV"
S1A_IW_GRDH_1SDV_20171213T103311_20171213T103340_019683_02172E_rtc,2017-12-13T10:33:26.139643+00:00,2017-12-13,S1A,ascending,11,19683,IW,"VH,VV"
S1A_IW_GRDH_1SDV_20171220T102458_20171220T102527_019785_021A66_rtc,2017-12-20T10:25:13.089793+00:00,2017-12-20,S1A,ascending,113,19785,IW,"VH,VV"
S1A_IW_GRDH_1SDV_20171225T103311_20171225T103339_019858_021C91_rtc,2017-12-25T10:33:25.499968+00:00,2017-12-25,S1A,ascending,11,19858,IW,"VH,VV"
S1A_IW_GRDH_1SDV_20180101T102457_20180101T102526_019960_021FD7_rtc,2018-01-01T10:25:12.488167+00:00,2018-01-01,S1A,ascending,113,19960,IW,"VH,VV"
S1A_IW_GRDH_1SDV_20180106T103310_20180106T103339_020033_02221D_rtc,2018-01-06T10:33:25.047118+00:00,2018-01-06,S1A,ascending,11,20033,IW,"VH,VV"
S1A_IW_GRDH_1SDV_20180113T102457_20180113T102526_020135_02255F_rtc,2018-01-13T10:25:12.189772+00:00,2018-01-13,S1A,ascending,113,20135,IW,"VH,VV"
S1A_IW_GRDH_1SDV_20180125T102457_20180125T102526_020310_022AEC_rtc,2018-01-25T10:25:11.766640+00:00,2018-01-25,S1A,ascending,113,20310,IW,"VH,VV"
S1A_IW_GRDH_1SDV_20180130T103309_20180130T103338_020383_022D39_rtc,2018-01-30T10:33:24.313235+00:00,2018-01-30,S1A,ascending,11,20383,IW,"VH,VV"
S1A_IW_GRDH_1SDV_20180206T102457_20180206T102526_020485_023082_rtc,2018-02-06T10:25:11.516009+00:00,2018-02-06,S1A,ascending,113,20485,IW,"VH,VV"
S1A_IW_GRDH_1SDV_20180211T103309_20180211T103338_020558_0232D2_rtc,2018-02-11T10:33:24.197518+00:00,2018-02-11,S1A,ascending,11,20558,IW,"VH,VV"
S1A_IW_GRDH_1SDV_20180218T102456_20180218T102525_020660_023618_rtc,2018-02-18T10:25:11.286786+00:00,2018-02-18,S1A,ascending,113,20660,IW,"VH,VV"
S1A_IW_GRDH_1SDV_20180223T103309_20180223T103338_020733_023867_rtc,2018-02-23T10:33:23.968096+00:00,2018-02-23,S1A,ascending,11,20733,IW,"VH,VV"
S1A_IW_GRDH_1SDV_20180302T102456_20180302T102525_020835_023BA4_rtc,2018-03-02T10:25:11.287087+00:00,2018-03-02,S1A,ascending,113,20835,IW,"VH,VV"
S1A_IW_GRDH_1SDV_20180307T103309_20180307T103338_020908_023DF1_rtc,2018-03-07T10:33:23.914185+00:00,2018-03-07,S1A,ascending,11,20908,IW,"VH,VV"
S1A_IW_GRDH_1SDV_20180314T102456_20180314T102525_021010_024132_rtc,2018-03-14T10:25:11.387589+00:00,2018-03-14,S1A,ascending,113,21010,IW,"VH,VV"
S1A_IW_GRDH_1SDV_20180319T103309_20180319T103338_021083_024376_rtc,2018-03-19T10:33:24.101014+00:00,2018-03-19,S1A,ascending,11,21083,IW,"VH,VV"
S1A_IW_GRDH_1SDV_20180326T102457_20180326T102526_021185_0246C1_rtc,2018-03-26T10:25:11.586762+00:00,2018-03-26,S1A,ascending,113,21185,IW,"VH,VV"
S1A_IW_GRDH_1SDV_20180331T103309_20180331T103338_021258_024906_rtc,2018-03-31T10:33:24.447047+00:00,2018-03-31,S1A,ascending,11,21258,IW,"VH,VV"
S1A_IW_GRDH_1SDV_20180407T102457_20180407T102526_021360_024C3C_rtc,2018-04-07T10:25:11.895139+00:00,2018-04-07,S1A,ascending,113,21360,IW,"VH,VV"
S1A_IW_GRDH_1SDV_20180412T103310_20180412T103339_021433_024E77_rtc,2018-04-12T10:33:24.872314+00:00,2018-04-12,S1A,ascending,11,21433,IW,"VH,VV"
S1A_IW_GRDH_1SDV_20180419T102457_20180419T102526_021535_0251B1_rtc,2018-04-19T10:25:12.268180+00:00,2018-04-19,S1A,ascending,113,21535,IW,"VH,VV"
S1A_IW_GRDH_1SDV_20180424T103310_20180424T103339_021608_0253ED_rtc,2018-04-24T10:33:25.383709+00:00,2018-04-24,S1A,ascending,11,21608,IW,"VH,VV"
S1A_IW_GRDH_1SDV_20180506T103311_20180506T103340_021783_025979_rtc,2018-05-06T10:33:25.897239+00:00,2018-05-06,S1A,ascending,11,21783,IW,"VH,VV"
S1A_IW_GRDH_1SDV_20180513T102459_20180513T102528_021885_025CCD_rtc,2018-05-13T10:25:13.591222+00:00,2018-05-13,S1A,ascending,113,21885,IW,"VH,VV"
S1A_IW_GRDH_1SDV_20180518T103312_20180518T103341_021958_025F0A_rtc,2018-05-18T10:33:26.554798+00:00,2018-05-18,S1A,ascending,11,21958,IW,"VH,VV"
S1A_IW_GRDH_1SDV_20180525T102459_20180525T102528_022060_026257_rtc,2018-05-25T10:25:14.268692+00:00,2018-05-25,S1A,ascending,113,22060,IW,"VH,VV"
S1A_IW_GRDH_1SDV_20180530T103312_20180530T103341_022133_0264AB_rtc,2018-05-30T10:33:27.144439+00:00,2018-05-30,S1A,ascending,11,22133,IW,"VH,VV"
S1A_IW_GRDH_1SDV_20180606T102500_20180606T102529_022235_0267D7_rtc,2018-06-06T10:25:14.888684+00:00,2018-06-06,S1A,ascending,113,22235,IW,"VH,VV"
S1A_IW_GRDH_1SDV_20180618T102501_20180618T102530_022410_026D3D_rtc,2018-06-18T10:25:15.746619+00:00,2018-06-18,S1A,ascending,113,22410,IW,"VH,VV"
S1A_IW_GRDH_1SDV_20180623T103314_20180623T103343_022483_026F5F_rtc,2018-06-23T10:33:28.781071+00:00,2018-06-23,S1A,ascending,11,22483,IW,"VH,VV"
S1A_IW_GRDH_1SDV_20180630T102501_20180630T102530_022585_027255_rtc,2018-06-30T10:25:16.357355+00:00,2018-06-30,S1A,ascending,113,22585,IW,"VH,VV"
S1A_IW_GRDH_1SDV_20180705T103314_20180705T103343_022658_02747C_rtc,2018-07-05T10:33:29.188658+00:00,2018-07-05,S1A,ascending,11,22658,IW,"VH,VV"
S1A_IW_GRDH_1SDV_20180712T102502_20180712T102531_022760_027786_rtc,2018-07-12T10:25:17.020488+00:00,2018-07-12,S1A,ascending,113,22760,IW,"VH,VV"
S1A_IW_GRDH_1SDV_20180717T103315_20180717T103344_022833_0279CA_rtc,2018-07-17T10:33:30.186922+00:00,2018-07-17,S1A,ascending,11,22833,IW,"VH,VV"
S1A_IW_GRDH_1SDV_20180724T102503_20180724T102532_022935_027D09_rtc,2018-07-24T10:25:17.851587+00:00,2018-07-24,S1A,ascending,113,22935,IW,"VH,VV"
S1A_IW_GRDH_1SDV_20180729T103316_20180729T103345_023008_027F52_rtc,2018-07-29T10:33:30.827291+00:00,2018-07-29,S1A,ascending,11,23008,IW,"VH,VV"
S1A_IW_GRDH_1SDV_20180805T102503_20180805T102532_023110_02827F_rtc,2018-08-05T10:25:18.466174+00:00,2018-08-05,S1A,ascending,113,23110,IW,"VH,VV"
S1A_IW_GRDH_1SDV_20180810T103317_20180810T103346_023183_0284CB_rtc,2018-08-10T10:33:31.513907+00:00,2018-08-10,S1A,ascending,11,23183,IW,"VH,VV"
S1A_IW_GRDH_1SDV_20180817T102504_20180817T102533_023285_02882C_rtc,2018-08-17T10:25:19.224032+00:00,2018-08-17,S1A,ascending,113,23285,IW,"VH,VV"
S1A_IW_GRDH_1SDV_20180822T103317_20180822T103346_023358_028A74_rtc,2018-08-22T10:33:32.150186+00:00,2018-08-22,S1A,ascending,11,23358,IW,"VH,VV"
S1A_IW_GRDH_1SDV_20180829T102505_20180829T102534_023460_028DBA_rtc,2018-08-29T10:25:19.975832+00:00,2018-08-29,S1A,ascending,113,23460,IW,"VH,VV"
S1A_IW_GRDH_1SDV_20180903T103318_20180903T103347_023533_029003_rtc,2018-09-03T10:33:32.974179+00:00,2018-09-03,S1A,ascending,11,23533,IW,"VH,VV"
S1A_IW_GRDH_1SDV_20180910T102505_20180910T102534_023635_029356_rtc,2018-09-10T10:25:20.453849+00:00,2018-09-10,S1A,ascending,113,23635,IW,"VH,VV"
S1A_IW_GRDH_1SDV_20180915T103318_20180915T103347_023708_02959E_rtc,2018-09-15T10:33:33.297768+00:00,2018-09-15,S1A,ascending,11,23708,IW,"VH,VV"
S1A_IW_GRDH_1SDV_20180922T102506_20180922T102535_023810_029906_rtc,2018-09-22T10:25:20.769332+00:00,2018-09-22,S1A,ascending,113,23810,IW,"VH,VV"
S1A_IW_GRDH_1SDV_20180927T103319_20180927T103348_023883_029B49_rtc,2018-09-27T10:33:33.605395+00:00,2018-09-27,S1A,ascending,11,23883,IW,"VH,VV"
S1A_IW_GRDH_1SDV_20181009T103319_20181009T103348_024058_02A10E_rtc,2018-10-09T10:33:33.838538+00:00,2018-10-09,S1A,ascending,11,24058,IW,"VH,VV"
S1A_IW_GRDH_1SDV_20181016T102506_20181016T102535_024160_02A470_rtc,2018-10-16T10:25:21.266579+00:00,2018-10-16,S1A,ascending,113,24160,IW,"VH,VV"
S1A_IW_GRDH_1SDV_20181021T103319_20181021T103348_024233_02A6C0_rtc,2018-10-21T10:33:33.986435+00:00,2018-10-21,S1A,ascending,11,24233,IW,"VH,VV"
S1A_IW_GRDH_1SDV_20181028T102506_20181028T102535_024335_02AA14_rtc,2018-10-28T10:25:21.169361+00:00,2018-10-28,S1A,ascending,113,24335,IW,"VH,VV"
S1A_IW_GRDH_1SDV_20181102T103319_20181102T103348_024408_02AC85_rtc,2018-11-02T10:33:33.888505+00:00,2018-11-02,S1A,ascending,11,24408,IW,"VH,VV"
S1A_IW_GRDH_1SDV_20181109T102506_20181109T102535_024510_02B042_rtc,2018-11-09T10:25:20.954272+00:00,2018-11-09,S1A,ascending,113,24510,IW,"VH,VV"
S1A_IW_GRDH_1SDV_20181114T103319_20181114T103348_024583_02B2F1_rtc,2018-11-14T10:33:33.585283+00:00,2018-11-14,S1A,ascending,11,24583,IW,"VH,VV"
S1A_IW_GRDH_1SDV_20181121T102506_20181121T102535_024685_02B6B3_rtc,2018-11-21T10:25:20.713564+00:00,2018-11-21,S1A,ascending,113,24685,IW,"VH,VV"
S1A_IW_GRDH_1SDV_20181126T103318_20181126T103347_024758_02B960_rtc,2018-11-26T10:33:33.157094+00:00,2018-11-26,S1A,ascending,11,24758,IW,"VH,VV"
S1A_IW_GRDH_1SDV_20181203T102505_20181203T102534_024860_02BCCF_rtc,2018-12-03T10:25:20.357669+00:00,2018-12-03,S1A,ascending,113,24860,IW,"VH,VV"
S1A_IW_GRDH_1SDV_20181208T103318_20181208T103347_024933_02BF38_rtc,2018-12-08T10:33:32.841090+00:00,2018-12-08,S1A,ascending,11,24933,IW,"VH,VV"
S1A_IW_GRDH_1SDV_20181215T102505_20181215T102534_025035_02C2F4_rtc,2018-12-15T10:25:19.705227+00:00,2018-12-15,S1A,ascending,113,25035,IW,"VH,VV"
S1A_IW_GRDH_1SDV_20181220T103317_20181220T103346_025108_02C58E_rtc,2018-12-20T10:33:32.365697+00:00,2018-12-20,S1A,ascending,11,25108,IW,"VH,VV"
S1A_IW_GRDH_1SDV_20181227T102504_20181227T102533_025210_02C94A_rtc,2018-12-27T10:25:19.468654+00:00,2018-12-27,S1A,ascending,113,25210,IW,"VH,VV"
S1A_IW_GRDH_1SDV_20190101T103317_20190101T103346_025283_02CBE3_rtc,2019-01-01T10:33:31.994014+00:00,2019-01-01,S1A,ascending,11,25283,IW,"VH,VV"
S1A_IW_GRDH_1SDV_20190108T102504_20190108T102533_025385_02CF9D_rtc,2019-01-08T10:25:18.836198+00:00,2019-01-08,S1A,ascending,113,25385,IW,"VH,VV"
S1A_IW_GRDH_1SDV_20190113T103316_20190113T103345_025458_02D22C_rtc,2019-01-13T10:33:31.497973+00:00,2019-01-13,S1A,ascending,11,25458,IW,"VH,VV"
S1A_IW_GRDH_1SDV_20190120T102504_20190120T102533_025560_02D5F6_rtc,2019-01-20T10:25:18.632034+00:00,2019-01-20,S1A,ascending,113,25560,IW,"VH,VV"
S1A_IW_GRDH_1SDV_20190125T103316_20190125T103345_025633_02D891_rtc,2019-01-25T10:33:31.187540+00:00,2019-01-25,S1A,ascending,11,25633,IW,"VH,VV"
S1A_IW_GRDH_1SDV_20190201T102503_20190201T102532_025735_02DC57_rtc,2019-02-01T10:25:18.245521+00:00,2019-02-01,S1A,ascending,113,25735,IW,"VH,VV"
S1A_IW_GRDH_1SDV_20190206T103315_20190206T103344_025808_02DED6_rtc,2019-02-06T10:33:30.469962+00:00,2019-02-06,S1A,ascending,11,25808,IW,"VH,VV"
S1A_IW_GRDH_1SDV_20190213T102503_20190213T102532_025910_02E286_rtc,2019-02-13T10:25:17.829479+00:00,2019-02-13,S1A,ascending,113,25910,IW,"VH,VV"
S1A_IW_GRDH_1SDV_20190218T103316_20190218T103345_025983_02E516_rtc,2019-02-18T10:33:30.507270+00:00,2019-02-18,S1A,ascending,11,25983,IW,"VH,VV"
S1A_IW_GRDH_1SDV_20190225T102503_20190225T102532_026085_02E8CE_rtc,2019-02-25T10:25:17.811348+00:00,2019-02-25,S1A,ascending,113,26085,IW,"VH,VV"
S1A_IW_GRDH_1SDV_20190302T103316_20190302T103345_026158_02EB5E_rtc,2019-03-02T10:33:30.595620+00:00,2019-03-02,S1A,ascending,11,26158,IW,"VH,VV"
S1A_IW_GRDH_1SDV_20190309T102503_20190309T102532_026260_02EF1D_rtc,2019-03-09T10:25:17.784897+00:00,2019-03-09,S1A,ascending,113,26260,IW,"VH,VV"
S1A_IW_GRDH_1SDV_20190314T103315_20190314T103344_026333_02F1C2_rtc,2019-03-14T10:33:30.488273+00:00,2019-03-14,S1A,ascending,11,26333,IW,"VH,VV"
S1A_IW_GRDH_1SDV_20190321T102503_20190321T102532_026435_02F58D_rtc,2019-03-21T10:25:17.876976+00:00,2019-03-21,S1A,ascending,113,26435,IW,"VH,VV"
S1A_IW_GRDH_1SDV_20190326T103316_20190326T103345_026508_02F82F_rtc,2019-03-26T10:33:30.824414+00:00,2019-03-26,S1A,ascending,11,26508,IW,"VH,VV"
S1A_IW_GRDH_1SDV_20190402T102503_20190402T102532_026610_02FC04_rtc,2019-04-02T10:25:18.244142+00:00,2019-04-02,S1A,ascending,113,26610,IW,"VH,VV"
S1A_IW_GRDH_1SDV_20190407T103316_20190407T103345_026683_02FEA3_rtc,2019-04-07T10:33:30.988260+00:00,2019-04-07,S1A,ascending,11,26683,IW,"VH,VV"
S1A_IW_GRDH_1SDV_20190414T102503_20190414T102532_026785_03026A_rtc,2019-04-14T10:25:18.452854+00:00,2019-04-14,S1A,ascending,113,26785,IW,"VH,VV"
S1A_IW_GRDH_1SDV_20190419T103316_20190419T103345_026858_0304FD_rtc,2019-04-19T10:33:31.438202+00:00,2019-04-19,S1A,ascending,11,26858,IW,"VH,VV"
S1A_IW_GRDH_1SDV_20190426T102504_20190426T102533_026960_0308BB_rtc,2019-04-26T10:25:19.191324+00:00,2019-04-26,S1A,ascending,113,26960,IW,"VH,VV"
S1A_IW_GRDH_1SDV_20190501T103317_20190501T103346_027033_030B5A_rtc,2019-05-01T10:33:32.071884+00:00,2019-05-01,S1A,ascending,11,27033,IW,"VH,VV"
S1A_IW_GRDH_1SDV_20190508T102504_20190508T102533_027135_030EFE_rtc,2019-05-08T10:25:19.278476+00:00,2019-05-08,S1A,ascending,113,27135,IW,"VH,VV"
S1A_IW_GRDH_1SDV_20190513T103317_20190513T103346_027208_031138_rtc,2019-05-13T10:33:32.438200+00:00,2019-05-13,S1A,ascending,11,27208,IW,"VH,VV"
S1A_IW_GRDH_1SDV_20190520T102505_20190520T102534_027310_031476_rtc,2019-05-20T10:25:20.143902+00:00,2019-05-20,S1A,ascending,113,27310,IW,"VH,VV"
S1A_IW_GRDH_1SDV_20190601T102506_20190601T102535_027485_0319E8_rtc,2019-06-01T10:25:20.671602+00:00,2019-06-01,S1A,ascending,113,27485,IW,"VH,VV"
S1A_IW_GRDH_1SDV_20190606T103319_20190606T103348_027558_031C18_rtc,2019-06-06T10:33:33.647823+00:00,2019-06-06,S1A,ascending,11,27558,IW,"VH,VV"
S1A_IW_GRDH_1SDV_20190613T102506_20190613T102535_027660_031F3A_rtc,2019-06-13T10:25:21.086931+00:00,2019-06-13,S1A,ascending,113,27660,IW,"VH,VV"
S1A_IW_GRDH_1SDV_20190618T103319_20190618T103348_027733_03215E_rtc,2019-06-18T10:33:34.295102+00:00,2019-06-18,S1A,ascending,11,27733,IW,"VH,VV"
S1A_IW_GRDH_1SDV_20190625T102507_20190625T102536_027835_032471_rtc,2019-06-25T10:25:22.001843+00:00,2019-06-25,S1A,ascending,113,27835,IW,"VH,VV"
S1A_IW_GRDH_1SDV_20190630T103320_20190630T103349_027908_032698_rtc,2019-06-30T10:33:35.107702+00:00,2019-06-30,S1A,ascending,11,27908,IW,"VH,VV"
S1A_IW_GRDH_1SDV_20190707T102508_20190707T102537_028010_0329C3_rtc,2019-07-07T10:25:22.764548+00:00,2019-07-07,S1A,ascending,113,28010,IW,"VH,VV"
S1A_IW_GRDH_1SDV_20190712T103321_20190712T103350_028083_032BE5_rtc,2019-07-12T10:33:35.784012+00:00,2019-07-12,S1A,ascending,11,28083,IW,"VH,VV"
S1A_IW_GRDH_1SDV_20190719T102509_20190719T102538_028185_032F09_rtc,2019-07-19T10:25:23.610297+00:00,2019-07-19,S1A,ascending,113,28185,IW,"VH,VV"
S1A_IW_GRDH_1SDV_20190724T103322_20190724T103351_028258_03312E_rtc,2019-07-24T10:33:36.607466+00:00,2019-07-24,S1A,ascending,11,28258,IW,"VH,VV"
S1A_IW_GRDH_1SDV_20190731T102509_20190731T102538_028360_033463_rtc,2019-07-31T10:25:24.240325+00:00,2019-07-31,S1A,ascending,113,28360,IW,"VH,VV"
S1A_IW_GRDH_1SDV_20190805T103322_20190805T103351_028433_033688_rtc,2019-08-05T10:33:37.449233+00:00,2019-08-05,S1A,ascending,11,28433,IW,"VH,VV"
S1A_IW_GRDH_1SDV_20190812T102510_20190812T102539_028535_0339FC_rtc,2019-08-12T10:25:25.274629+00:00,2019-08-12,S1A,ascending,113,28535,IW,"VH,VV"
S1A_IW_GRDH_1SDV_20190817T103323_20190817T103352_028608_033C71_rtc,2019-08-17T10:33:38.261100+00:00,2019-08-17,S1A,ascending,11,28608,IW,"VH,VV"
S1A_IW_GRDH_1SDV_20190824T102511_20190824T102540_028710_034005_rtc,2019-08-24T10:25:25.830209+00:00,2019-08-24,S1A,ascending,113,28710,IW,"VH,VV"
S1A_IW_GRDH_1SDV_20190829T103324_20190829T103353_028783_034295_rtc,2019-08-29T10:33:38.698726+00:00,2019-08-29,S1A,ascending,11,28783,IW,"VH,VV"
S1A_IW_GRDH_1SDV_20190905T102511_20190905T102540_028885_034621_rtc,2019-09-05T10:25:26.376167+00:00,2019-09-05,S1A,ascending,113,28885,IW,"VH,VV"
S1A_IW_GRDH_1SDV_20190910T103324_20190910T103353_028958_0348AC_rtc,2019-09-10T10:33:39.289143+00:00,2019-09-10,S1A,ascending,11,28958,IW,"VH,VV"
S1A_IW_GRDH_1SDV_20190917T102512_20190917T102541_029060_034C35_rtc,2019-09-17T10:25:26.780648+00:00,2019-09-17,S1A,ascending,113,29060,IW,"VH,VV"
S1A_IW_GRDH_1SDV_20190922T103325_20190922T103354_029133_034EA1_rtc,2019-09-22T10:33:39.806496+00:00,2019-09-22,S1A,ascending,11,29133,IW,"VH,VV"
S1A_IW_GRDH_1SDV_20190929T102512_20190929T102541_029235_035236_rtc,2019-09-29T10:25:27.420601+00:00,2019-09-29,S1A,ascending,113,29235,IW,"VH,VV"
S1A_IW_GRDH_1SDV_20191004T103325_20191004T103354_029308_0354A6_rtc,2019-10-04T10:33:40.205940+00:00,2019-10-04,S1A,ascending,11,29308,IW,"VH,VV"
S1A_IW_GRDH_1SDV_20191011T102512_20191011T102541_029410_035838_rtc,2019-10-11T10:25:27.349596+00:00,2019-10-11,S1A,ascending,113,29410,IW,"VH,VV"
S1A_IW_GRDH_1SDV_20191016T103325_20191016T103354_029483_035AB1_rtc,2019-10-16T10:33:40.123197+00:00,2019-10-16,S1A,ascending,11,29483,IW,"VH,VV"
S1A_IW_GRDH_1SDV_20191023T102512_20191023T102541_029585_035E37_rtc,2019-10-23T10:25:27.291108+00:00,2019-10-23,S1A,ascending,113,29585,IW,"VH,VV"
S1A_IW_GRDH_1SDV_20191028T103325_20191028T103354_029658_0360B8_rtc,2019-10-28T10:33:40.137719+00:00,2019-10-28,S1A,ascending,11,29658,IW,"VH,VV"
S1A_IW_GRDH_1SDV_20191104T102512_20191104T102541_029760_03645A_rtc,2019-11-04T10:25:27.465454+00:00,2019-11-04,S1A,ascending,113,29760,IW,"VH,VV"
S1A_IW_GRDH_1SDV_20191109T103325_20191109T103354_029833_0366E9_rtc,2019-11-09T10:33:40.207602+00:00,2019-11-09,S1A,ascending,11,29833,IW,"VH,VV"
S1A_IW_GRDH_1SDV_20191116T102512_20191116T102541_029935_036A7E_rtc,2019-11-16T10:25:27.351630+00:00,2019-11-16,S1A,ascending,113,29935,IW,"VH,VV"
S1A_IW_GRDH_1SDV_20191121T103325_20191121T103354_030008_036CF3_rtc,2019-11-21T10:33:39.906874+00:00,2019-11-21,S1A,ascending,11,30008,IW,"VH,VV"
S1A_IW_GRDH_1SDV_20191128T102512_20191128T102541_030110_037090_rtc,2019-11-28T10:25:26.947153+00:00,2019-11-28,S1A,ascending,113,30110,IW,"VH,VV"
S1A_IW_GRDH_1SDV_20191203T103324_20191203T103353_030183_037305_rtc,2019-12-03T10:33:39.378738+00:00,2019-12-03,S1A,ascending,11,30183,IW,"VH,VV"
S1A_IW_GRDH_1SDV_20191210T102511_20191210T102541_030285_037695_rtc,2019-12-10T10:25:26.504575+00:00,2019-12-10,S1A,ascending,113,30285,IW,"VH,VV"
S1A_IW_GRDH_1SDV_20191215T103324_20191215T103353_030358_037911_rtc,2019-12-15T10:33:39.032966+00:00,2019-12-15,S1A,ascending,11,30358,IW,"VH,VV"
S1A_IW_GRDH_1SDV_20191222T102511_20191222T102540_030460_037C9E_rtc,2019-12-22T10:25:26.048712+00:00,2019-12-22,S1A,ascending,113,30460,IW,"VH,VV"
S1A_IW_GRDH_1SDV_20191227T103324_20191227T103353_030533_037F1B_rtc,2019-12-27T10:33:38.549606+00:00,2019-12-27,S1A,ascending,11,30533,IW,"VH,VV"
S1A_IW_GRDH_1SDV_20200103T102510_20200103T102539_030635_0382A8_rtc,2020-01-03T10:25:25.455362+00:00,2020-01-03,S1A,ascending,113,30635,IW,"VH,VV"
S1A_IW_GRDH_1SDV_20200108T103323_20200108T103352_030708_03852A_rtc,2020-01-08T10:33:38.059189+00:00,2020-01-08,S1A,ascending,11,30708,IW,"VH,VV"
S1A_IW_GRDH_1SDV_20200115T102510_20200115T102539_030810_0388C5_rtc,2020-01-15T10:25:24.942794+00:00,2020-01-15,S1A,ascending,113,30810,IW,"VH,VV"
S1A_IW_GRDH_1SDV_20200120T103323_20200120T103352_030883_038B4E_rtc,2020-01-20T10:33:37.606474+00:00,2020-01-20,S1A,ascending,11,30883,IW,"VH,VV"
S1A_IW_GRDH_1SDV_20200127T102510_20200127T102539_030985_038EEF_rtc,2020-01-27T10:25:24.604770+00:00,2020-01-27,S1A,ascending,113,30985,IW,"VH,VV"
S1A_IW_GRDH_1SDV_20200201T103322_20200201T103351_031058_03916A_rtc,2020-02-01T10:33:37.201062+00:00,2020-02-01,S1A,ascending,11,31058,IW,"VH,VV"
S1A_IW_GRDH_1SDV_20200208T102509_20200208T102538_031160_03950D_rtc,2020-02-08T10:25:24.313089+00:00,2020-02-08,S1A,ascending,113,31160,IW,"VH,VV"
S1A_IW_GRDH_1SDV_20200213T103322_20200213T103351_031233_03977C_rtc,2020-02-13T10:33:36.814103+00:00,2020-02-13,S1A,ascending,11,31233,IW,"VH,VV"
S1A_IW_GRDH_1SDV_20200225T103322_20200225T103351_031408_039D88_rtc,2020-02-25T10:33:36.621434+00:00,2020-02-25,S1A,ascending,11,31408,IW,"VH,VV"
S1A_IW_GRDH_1SDV_20200303T102509_20200303T102538_031510_03A11D_rtc,2020-03-03T10:25:24.031287+00:00,2020-03-03,S1A,ascending,113,31510,IW,"VH,VV"
S1A_IW_GRDH_1SDV_20200308T103322_20200308T103351_031583_03A393_rtc,2020-03-08T10:33:36.838340+00:00,2020-03-08,S1A,ascending,11,31583,IW,"VH,VV"
S1A_IW_GRDH_1SDV_20200315T102509_20200315T102538_031685_03A72D_rtc,2020-03-15T10:25:24.196770+00:00,2020-03-15,S1A,ascending,113,31685,IW,"VH,VV"
S1A_IW_GRDH_1SDV_20200320T103322_20200320T103351_031758_03A9B4_rtc,2020-03-20T10:33:37.008722+00:00,2020-03-20,S1A,ascending,11,31758,IW,"VH,VV"
S1A_IW_GRDH_1SDV_20200327T102509_20200327T102538_031860_03AD56_rtc,2020-03-27T10:25:24.268889+00:00,2020-03-27,S1A,ascending,113,31860,IW,"VH,VV"
S1A_IW_GRDH_1SDV_20200401T103322_20200401T103351_031933_03AFDE_rtc,2020-04-01T10:33:37.196284+00:00,2020-04-01,S1A,ascending,11,31933,IW,"VH,VV"
S1A_IW_GRDH_1SDV_20200408T102509_20200408T102538_032035_03B384_rtc,2020-04-08T10:25:24.487993+00:00,2020-04-08,S1A,ascending,113,32035,IW,"VH,VV"
S1A_IW_GRDH_1SDV_20200413T103323_20200413T103352_032108_03B608_rtc,2020-04-13T10:33:37.538361+00:00,2020-04-13,S1A,ascending,11,32108,IW,"VH,VV"
S1A_IW_GRDH_1SDV_20200420T102510_20200420T102539_032210_03B9A9_rtc,2020-04-20T10:25:25.081552+00:00,2020-04-20,S1A,ascending,113,32210,IW,"VH,VV"
S1A_IW_GRDH_1SDV_20200425T103323_20200425T103352_032283_03BC2C_rtc,2020-04-25T10:33:38.045809+00:00,2020-04-25,S1A,ascending,11,32283,IW,"VH,VV"
S1A_IW_GRDH_1SDV_20200502T102511_20200502T102540_032385_03BFD3_rtc,2020-05-02T10:25:25.645886+00:00,2020-05-02,S1A,ascending,113,32385,IW,"VH,VV"
S1A_IW_GRDH_1SDV_20200507T103323_20200507T103352_032458_03C23E_rtc,2020-05-07T10:33:38.476180+00:00,2020-05-07,S1A,ascending,11,32458,IW,"VH,VV"
S1A_IW_GRDH_1SDV_20200514T102511_20200514T102540_032560_03C567_rtc,2020-05-14T10:25:26.321640+00:00,2020-05-14,S1A,ascending,113,32560,IW,"VH,VV"
S1A_IW_GRDH_1SDV_20200526T102512_20200526T102541_032735_03CAB6_rtc,2020-05-26T10:25:27.069964+00:00,2020-05-26,S1A,ascending,113,32735,IW,"VH,VV"
S1A_IW_GRDH_1SDV_20200531T103325_20200531T103354_032808_03CCD8_rtc,2020-05-31T10:33:40.051673+00:00,2020-05-31,S1A,ascending,11,32808,IW,"VH,VV"
S1A_IW_GRDH_1SDV_20200607T102513_20200607T102542_032910_03CFE3_rtc,2020-06-07T10:25:27.713122+00:00,2020-06-07,S1A,ascending,113,32910,IW,"VH,VV"
S1A_IW_GRDH_1SDV_20200612T103326_20200612T103355_032983_03D205_rtc,2020-06-12T10:33:40.833234+00:00,2020-06-12,S1A,ascending,11,32983,IW,"VH,VV"
S1A_IW_GRDH_1SDV_20200619T102513_20200619T102542_033085_03D52B_rtc,2020-06-19T10:25:28.481090+00:00,2020-06-19,S1A,ascending,113,33085,IW,"VH,VV"
S1A_IW_GRDH_1SDV_20200624T103326_20200624T103356_033158_03D75A_rtc,2020-06-24T10:33:41.489254+00:00,2020-06-24,S1A,ascending,11,33158,IW,"VH,VV"
S1A_IW_GRDH_1SDV_20200701T102514_20200701T102543_033260_03DA7A_rtc,2020-07-01T10:25:28.951733+00:00,2020-07-01,S1A,ascending,113,33260,IW,"VH,VV"
S1A_IW_GRDH_1SDV_20200706T103327_20200706T103356_033333_03DCA5_rtc,2020-07-06T10:33:42.069116+00:00,2020-07-06,S1A,ascending,11,33333,IW,"VH,VV"
S1A_IW_GRDH_1SDV_20200713T102515_20200713T102544_033435_03DFCE_rtc,2020-07-13T10:25:29.744019+00:00,2020-07-13,S1A,ascending,113,33435,IW,"VH,VV"
S1A_IW_GRDH_1SDV_20200718T103328_20200718T103357_033508_03E1FF_rtc,2020-07-18T10:33:42.841956+00:00,2020-07-18,S1A,ascending,11,33508,IW,"VH,VV"
S1A_IW_GRDH_1SDV_20200725T102516_20200725T102545_033610_03E52E_rtc,2020-07-25T10:25:30.683286+00:00,2020-07-25,S1A,ascending,113,33610,IW,"VH,VV"
S1A_IW_GRDH_1SDV_20200730T103329_20200730T103358_033683_03E75D_rtc,2020-07-30T10:33:43.737315+00:00,2020-07-30,S1A,ascending,11,33683,IW,"VH,VV"
S1A_IW_GRDH_1SDV_20200806T102516_20200806T102545_033785_03EA96_rtc,2020-08-06T10:25:31.222864+00:00,2020-08-06,S1A,ascending,113,33785,IW,"VH,VV"
S1A_IW_GRDH_1SDV_20200811T103329_20200811T103358_033858_03ED1D_rtc,2020-08-11T10:33:44.319171+00:00,2020-08-11,S1A,ascending,11,33858,IW,"VH,VV"
S1A_IW_GRDH_1SDV_20200818T102517_20200818T102546_033960_03F0BB_rtc,2020-08-18T10:25:31.904487+00:00,2020-08-18,S1A,ascending,113,33960,IW,"VH,VV"
S1A_IW_GRDH_1SDV_20200823T103330_20200823T103359_034033_03F346_rtc,2020-08-23T10:33:45.021792+00:00,2020-08-23,S1A,ascending,11,34033,IW,"VH,VV"
S1A_IW_GRDH_1SDV_20200830T102518_20200830T102547_034135_03F6E8_rtc,2020-08-30T10:25:32.727627+00:00,2020-08-30,S1A,ascending,113,34135,IW,"VH,VV"
S1A_IW_GRDH_1SDV_20200904T103331_20200904T103400_034208_03F96D_rtc,2020-09-04T10:33:45.568853+00:00,2020-09-04,S1A,ascending,11,34208,IW,"VH,VV"
S1A_IW_GRDH_1SDV_20200911T102518_20200911T102547_034310_03FD07_rtc,2020-09-11T10:25:33.169444+00:00,2020-09-11,S1A,ascending,113,34310,IW,"VH,VV"
S1A_IW_GRDH_1SDV_20200916T103331_20200916T103400_034383_03FF95_rtc,2020-09-16T10:33:46.006198+00:00,2020-09-16,S1A,ascending,11,34383,IW,"VH,VV"
S1A_IW_GRDH_1SDV_20200923T102519_20200923T102548_034485_04033C_rtc,2020-09-23T10:25:33.542190+00:00,2020-09-23,S1A,ascending,113,34485,IW,"VH,VV"
S1A_IW_GRDH_1SDV_20200928T103331_20200928T103400_034558_0405C6_rtc,2020-09-28T10:33:46.374259+00:00,2020-09-28,S1A,ascending,11,34558,IW,"VH,VV"
S1A_IW_GRDH_1SDV_20201005T102519_20201005T102548_034660_04095F_rtc,2020-10-05T10:25:33.828751+00:00,2020-10-05,S1A,ascending,113,34660,IW,"VH,VV"
S1A_IW_GRDH_1SDV_20201010T103332_20201010T103401_034733_040BE5_rtc,2020-10-10T10:33:46.698957+00:00,2020-10-10,S1A,ascending,11,34733,IW,"VH,VV"
S1A_IW_GRDH_1SDV_20201017T102519_20201017T102548_034835_040F83_rtc,2020-10-17T10:25:33.942288+00:00,2020-10-17,S1A,ascending,113,34835,IW,"VH,VV"
S1A_IW_GRDH_1SDV_20201022T103332_20201022T103401_034908_0411F7_rtc,2020-10-22T10:33:46.549035+00:00,2020-10-22,S1A,ascending,11,34908,IW,"VH,VV"
S1A_IW_GRDH_1SDV_20201029T102519_20201029T102548_035010_04157B_rtc,2020-10-29T10:25:33.935939+00:00,2020-10-29,S1A,ascending,113,35010,IW,"VH,VV"
S1A_IW_GRDH_1SDV_20201103T103332_20201103T103401_035083_041801_rtc,2020-11-03T10:33:46.544430+00:00,2020-11-03,S1A,ascending,11,35083,IW,"VH,VV"
S1A_IW_GRDH_1SDV_20201110T102519_20201110T102548_035185_041B94_rtc,2020-11-10T10:25:33.674287+00:00,2020-11-10,S1A,ascending,113,35185,IW,"VH,VV"
S1A_IW_GRDH_1SDV_20201115T103331_20201115T103400_035258_041E1C_rtc,2020-11-15T10:33:46.349426+00:00,2020-11-15,S1A,ascending,11,35258,IW,"VH,VV"
S1A_IW_GRDH_1SDV_20201122T102518_20201122T102547_035360_04219E_rtc,2020-11-22T10:25:33.348838+00:00,2020-11-22,S1A,ascending,113,35360,IW,"VH,VV"
S1A_IW_GRDH_1SDV_20201127T103331_20201127T103400_035433_042426_rtc,2020-11-27T10:33:45.836231+00:00,2020-11-27,S1A,ascending,11,35433,IW,"VH,VV"
S1A_IW_GRDH_1SDV_20201204T102518_20201204T102547_035535_04279E_rtc,2020-12-04T10:25:32.942704+00:00,2020-12-04,S1A,ascending,113,35535,IW,"VH,VV"
S1A_IW_GRDH_1SDV_20201209T103331_20201209T103400_035608_042A35_rtc,2020-12-09T10:33:45.512823+00:00,2020-12-09,S1A,ascending,11,35608,IW,"VH,VV"
S1A_IW_GRDH_1SDV_20201216T102517_20201216T102547_035710_042DBA_rtc,2020-12-16T10:25:32.502011+00:00,2020-12-16,S1A,ascending,113,35710,IW,"VH,VV"
S1A_IW_GRDH_1SDV_20201221T103330_20201221T103359_035783_043036_rtc,2020-12-21T10:33:44.958012+00:00,2020-12-21,S1A,ascending,11,35783,IW,"VH,VV"
S1A_IW_GRDH_1SDV_20201228T102517_20201228T102546_035885_0433CF_rtc,2020-12-28T10:25:31.929417+00:00,2020-12-28,S1A,ascending,113,35885,IW,"VH,VV"
S1A_IW_GRDH_1SDV_20210102T103329_20210102T103358_035958_04364A_rtc,2021-01-02T10:33:44.370954+00:00,2021-01-02,S1A,ascending,11,35958,IW,"VH,VV"
S1A_IW_GRDH_1SDV_20210109T102516_20210109T102545_036060_0439E2_rtc,2021-01-09T10:25:31.265526+00:00,2021-01-09,S1A,ascending,113,36060,IW,"VH,VV"
S1A_IW_GRDH_1SDV_20210114T103329_20210114T103358_036133_043C75_rtc,2021-01-14T10:33:43.810118+00:00,2021-01-14,S1A,ascending,11,36133,IW,"VH,VV"
S1A_IW_GRDH_1SDV_20210121T102516_20210121T102545_036235_043FFD_rtc,2021-01-21T10:25:30.705992+00:00,2021-01-21,S1A,ascending,113,36235,IW,"VH,VV"
S1A_IW_GRDH_1SDV_20210126T103328_20210126T103357_036308_044287_rtc,2021-01-26T10:33:43.416451+00:00,2021-01-26,S1A,ascending,11,36308,IW,"VH,VV"
S1A_IW_GRDH_1SDV_20210202T102515_20210202T102544_036410_04460C_rtc,2021-02-02T10:25:30.406173+00:00,2021-02-02,S1A,ascending,113,36410,IW,"VH,VV"
S1A_IW_GRDH_1SDV_20210207T103328_20210207T103357_036483_044895_rtc,2021-02-07T10:33:43.044457+00:00,2021-02-07,S1A,ascending,11,36483,IW,"VH,VV"
S1A_IW_GRDH_1SDV_20210214T102515_20210214T102544_036585_044C2C_rtc,2021-02-14T10:25:30.052123+00:00,2021-02-14,S1A,ascending,113,36585,IW,"VH,VV"
S1A_IW_GRDH_1SDV_20210219T103328_20210219T103357_036658_044EB4_rtc,2021-02-19T10:33:42.626575+00:00,2021-02-19,S1A,ascending,11,36658,IW,"VH,VV"
S1A_IW_GRDH_1SDV_20210226T102515_20210226T102544_036760_045240_rtc,2021-02-26T10:25:29.889881+00:00,2021-02-26,S1A,ascending,113,36760,IW,"VH,VV"
S1A_IW_GRDH_1SDV_20210303T103327_20210303T103357_036833_0454C1_rtc,2021-03-03T10:33:42.497268+00:00,2021-03-03,S1A,ascending,11,36833,IW,"VH,VV"
S1A_IW_GRDH_1SDV_20210310T102515_20210310T102544_036935_04585C_rtc,2021-03-10T10:25:29.929529+00:00,2021-03-10,S1A,ascending,113,36935,IW,"VH,VV"
S1A_IW_GRDH_1SDV_20210315T103328_20210315T103357_037008_045ADC_rtc,2021-03-15T10:33:42.602459+00:00,2021-03-15,S1A,ascending,11,37008,IW,"VH,VV"
S1A_IW_GRDH_1SDV_20210322T102515_20210322T102544_037110_045E6E_rtc,2021-03-22T10:25:30.080282+00:00,2021-03-22,S1A,ascending,113,37110,IW,"VH,VV"
S1A_IW_GRDH_1SDV_20210327T103328_20210327T103357_037183_0460EA_rtc,2021-03-27T10:33:42.934549+00:00,2021-03-27,S1A,ascending,11,37183,IW,"VH,VV"
S1A_IW_GRDH_1SDV_20210403T102515_20210403T102544_037285_046474_rtc,2021-04-03T10:25:30.321731+00:00,2021-04-03,S1A,ascending,113,37285,IW,"VH,VV"
S1A_IW_GRDH_1SDV_20210408T103328_20210408T103357_037358_0466F1_rtc,2021-04-08T10:33:43.329385+00:00,2021-04-08,S1A,ascending,11,37358,IW,"VH,VV"
S1A_IW_GRDH_1SDV_20210415T102516_20210415T102545_037460_046A82_rtc,2021-04-15T10:25:30.792584+00:00,2021-04-15,S1A,ascending,113,37460,IW,"VH,VV"
S1A_IW_GRDH_1SDV_20210420T103329_20210420T103358_037533_046D04_rtc,2021-04-20T10:33:43.862496+00:00,2021-04-20,S1A,ascending,11,37533,IW,"VH,VV"
S1A_IW_GRDH_1SDV_20210427T102516_20210427T102545_037635_04709A_rtc,2021-04-27T10:25:31.239792+00:00,2021-04-27,S1A,ascending,113,37635,IW,"VH,VV"
S1A_IW_GRDH_1SDV_20210502T103329_20210502T103358_037708_047318_rtc,2021-05-02T10:33:44.191095+00:00,2021-05-02,S1A,ascending,11,37708,IW,"VH,VV"
S1A_IW_GRDH_1SDV_20210509T102517_20210509T102546_037810_04766C_rtc,2021-05-09T10:25:31.920708+00:00,2021-05-09,S1A,ascending,113,37810,IW,"VH,VV"
S1A_IW_GRDH_1SDV_20210514T103330_20210514T103359_037883_047890_rtc,2021-05-14T10:33:44.887818+00:00,2021-05-14,S1A,ascending,11,37883,IW,"VH,VV"
S1A_IW_GRDH_1SDV_20210521T102517_20210521T102546_037985_047BB3_rtc,2021-05-21T10:25:32.432242+00:00,2021-05-21,S1A,ascending,113,37985,IW,"VH,VV"
S1A_IW_GRDH_1SDV_20210526T103331_20210526T103400_038058_047DDD_rtc,2021-05-26T10:33:45.585303+00:00,2021-05-26,S1A,ascending,11,38058,IW,"VH,VV"
S1A_IW_GRDH_1SDV_20210602T102518_20210602T102547_038160_0480F3_rtc,2021-06-02T10:25:33.163991+00:00,2021-06-02,S1A,ascending,113,38160,IW,"VH,VV"
S1A_IW_GRDH_1SDV_20210607T103331_20210607T103400_038233_048310_rtc,2021-06-07T10:33:46.299078+00:00,2021-06-07,S1A,ascending,11,38233,IW,"VH,VV"
S1A_IW_GRDH_1SDV_20210614T102519_20210614T102548_038335_048626_rtc,2021-06-14T10:25:34.093339+00:00,2021-06-14,S1A,ascending,113,38335,IW,"VH,VV"
S1A_IW_GRDH_1SDV_20210619T103332_20210619T103401_038408_048844_rtc,2021-06-19T10:33:47.106111+00:00,2021-06-19,S1A,ascending,11,38408,IW,"VH,VV"
S1A_IW_GRDH_1SDV_20210626T102520_20210626T102549_038510_048B62_rtc,2021-06-26T10:25:34.698660+00:00,2021-06-26,S1A,ascending,113,38510,IW,"VH,VV"
S1A_IW_GRDH_1SDV_20210701T103333_20210701T103402_038583_048D7F_rtc,2021-07-01T10:33:47.798382+00:00,2021-07-01,S1A,ascending,11,38583,IW,"VH,VV"
S1A_IW_GRDH_1SDV_20210708T102520_20210708T102549_038685_0490A3_rtc,2021-07-08T10:25:35.335537+00:00,2021-07-08,S1A,ascending,113,38685,IW,"VH,VV"
S1A_IW_GRDH_1SDV_20210713T103333_20210713T103403_038758_0492CC_rtc,2021-07-13T10:33:48.504016+00:00,2021-07-13,S1A,ascending,11,38758,IW,"VH,VV"
S1A_IW_GRDH_1SDV_20210720T102521_20210720T102550_038860_0495E2_rtc,2021-07-20T10:25:36.154944+00:00,2021-07-20,S1A,ascending,113,38860,IW,"VH,VV"
S1A_IW_GRDH_1SDV_20210725T103334_20210725T103403_038933_049807_rtc,2021-07-25T10:33:49.049520+00:00,2021-07-25,S1A,ascending,11,38933,IW,"VH,VV"
S1A_IW_GRDH_1SDV_20210801T102522_20210801T102551_039035_049B15_rtc,2021-08-01T10:25:36.869624+00:00,2021-08-01,S1A,ascending,113,39035,IW,"VH,VV"
S1A_IW_GRDH_1SDV_20210806T103335_20210806T103404_039108_049D68_rtc,2021-08-06T10:33:49.932547+00:00,2021-08-06,S1A,ascending,11,39108,IW,"VH,VV"
S1A_IW_GRDH_1SDV_20210813T102522_20210813T102551_039210_04A0F3_rtc,2021-08-13T10:25:37.432224+00:00,2021-08-13,S1A,ascending,113,39210,IW,"VH,VV"
S1A_IW_GRDH_1SDV_20210818T103335_20210818T103404_039283_04A37B_rtc,2021-08-18T10:33:50.464006+00:00,2021-08-18,S1A,ascending,11,39283,IW,"VH,VV"
S1A_IW_GRDH_1SDV_20210825T102523_20210825T102552_039385_04A6F0_rtc,2021-08-25T10:25:38.144426+00:00,2021-08-25,S1A,ascending,113,39385,IW,"VH,VV"
S1A_IW_GRDH_1SDV_20210830T103336_20210830T103405_039458_04A96A_rtc,2021-08-30T10:33:51.029850+00:00,2021-08-30,S1A,ascending,11,39458,IW,"VH,VV"
S1A_IW_GRDH_1SDV_20210906T102524_20210906T102553_039560_04AD01_rtc,2021-09-06T10:25:38.701349+00:00,2021-09-06,S1A,ascending,113,39560,IW,"VH,VV"
S1A_IW_GRDH_1SDV_20210911T103337_20210911T103406_039633_04AF7D_rtc,2021-09-11T10:33:51.647010+00:00,2021-09-11,S1A,ascending,11,39633,IW,"VH,VV"
S1A_IW_GRDH_1SDV_20210918T102524_20210918T102553_039735_04B2EF_rtc,2021-09-18T10:25:39.158553+00:00,2021-09-18,S1A,ascending,113,39735,IW,"VH,VV"
S1A_IW_GRDH_1SDV_20210923T103337_20210923T103406_039808_04B55E_rtc,2021-09-23T10:33:52.032207+00:00,2021-09-23,S1A,ascending,11,39808,IW,"VH,VV"
S1A_IW_GRDH_1SDV_20210930T102524_20210930T102554_039910_04B8F3_rtc,2021-09-30T10:25:39.484861+00:00,2021-09-30,S1A,ascending,113,39910,IW,"VH,VV"
S1A_IW_GRDH_1SDV_20211005T103337_20211005T103406_039983_04BB81_rtc,2021-10-05T10:33:52.287114+00:00,2021-10-05,S1A,ascending,11,39983,IW,"VH,VV"
S1A_IW_GRDH_1SDV_20211012T102525_20211012T102554_040085_04BF06_rtc,2021-10-12T10:25:39.589704+00:00,2021-10-12,S1A,ascending,113,40085,IW,"VH,VV"
S1A_IW_GRDH_1SDV_20211017T103337_20211017T103406_040158_04C18D_rtc,2021-10-17T10:33:52.455572+00:00,2021-10-17,S1A,ascending,11,40158,IW,"VH,VV"
S1A_IW_GRDH_1SDV_20211024T102525_20211024T102554_040260_04C522_rtc,2021-10-24T10:25:39.694548+00:00,2021-10-24,S1A,ascending,113,40260,IW,"VH,VV"
S1A_IW_GRDH_1SDV_20211029T103337_20211029T103406_040333_04C7A0_rtc,2021-10-29T10:33:52.309839+00:00,2021-10-29,S1A,ascending,11,40333,IW,"VH,VV"
S1A_IW_GRDH_1SDV_20211105T102524_20211105T102553_040435_04CB3A_rtc,2021-11-05T10:25:39.389521+00:00,2021-11-05,S1A,ascending,113,40435,IW,"VH,VV"
S1A_IW_GRDH_1SDV_20211110T103337_20211110T103406_040508_04CDC0_rtc,2021-11-10T10:33:51.997710+00:00,2021-11-10,S1A,ascending,11,40508,IW,"VH,VV"
S1A_IW_GRDH_1SDV_20211117T102524_20211117T102553_040610_04D143_rtc,2021-11-17T10:25:39.305248+00:00,2021-11-17,S1A,ascending,113,40610,IW,"VH,VV"
S1A_IW_GRDH_1SDV_20211122T103337_20211122T103406_040683_04D3C4_rtc,2021-11-22T10:33:51.835172+00:00,2021-11-22,S1A,ascending,11,40683,IW,"VH,VV"
S1A_IW_GRDH_1SDV_20211129T102524_20211129T102553_040785_04D755_rtc,2021-11-29T10:25:38.785193+00:00,2021-11-29,S1A,ascending,113,40785,IW,"VH,VV"
S1A_IW_GRDH_1SDV_20211204T103336_20211204T103405_040858_04D9E1_rtc,2021-12-04T10:33:51.267538+00:00,2021-12-04,S1A,ascending,11,40858,IW,"VH,VV"
S1A_IW_GRDH_1SDV_20211211T102523_20211211T102552_040960_04DD65_rtc,2021-12-11T10:25:38.258885+00:00,2021-12-11,S1A,ascending,113,40960,IW,"VH,VV"
S1A_IW_GRDH_1SDV_20211216T103336_20211216T103405_041033_04DFD3_rtc,2021-12-16T10:33:50.855525+00:00,2021-12-16,S1A,ascending,11,41033,IW,"VH,VV"
S1B_IW_GRDH_1SDV_20211222T103303_20211222T103328_030137_03993D_rtc,2021-12-22T10:33:16.453949+00:00,2021-12-22,S1B,ascending,11,30137,IW,"VH,VV"
S1A_IW_GRDH_1SDV_20211223T102523_20211223T102552_041135_04E334_rtc,2021-12-23T10:25:37.538514+00:00,2021-12-23,S1A,ascending,113,41135,IW,"VH,VV"
S1A_IW_GRDH_1SDV_20211228T103335_20211228T103404_041208_04E5A1_rtc,2021-12-28T10:33:50.121485+00:00,2021-12-28,S1A,ascending,11,41208,IW,"VH,VV"
S1A_IW_GRDH_1SDV_20220104T102522_20220104T102551_041310_04E925_rtc,2022-01-04T10:25:37.023721+00:00,2022-01-04,S1A,ascending,113,41310,IW,"VH,VV"
S1A_IW_GRDH_1SDV_20220109T103335_20220109T103404_041383_04EB92_rtc,2022-01-09T10:33:49.676342+00:00,2022-01-09,S1A,ascending,11,41383,IW,"VH,VV"
S1A_IW_GRDH_1SDV_20220116T102522_20220116T102551_041485_04EEDC_rtc,2022-01-16T10:25:36.619561+00:00,2022-01-16,S1A,ascending,113,41485,IW,"VH,VV"
S1A_IW_GRDH_1SDV_20220121T103334_20220121T103403_041558_04F14D_rtc,2022-01-21T10:33:48.967238+00:00,2022-01-21,S1A,ascending,11,41558,IW,"VH,VV"
S1A_IW_GRDH_1SDV_20220128T102521_20220128T102550_041660_04F4CA_rtc,2022-01-28T10:25:36.097932+00:00,2022-01-28,S1A,ascending,113,41660,IW,"VH,VV"
S1A_IW_GRDH_1SDV_20220202T103333_20220202T103402_041733_04F74C_rtc,2022-02-02T10:33:48.319441+00:00,2022-02-02,S1A,ascending,11,41733,IW,"VH,VV"
S1A_IW_GRDH_1SDV_20220209T102521_20220209T102550_041835_04FAE9_rtc,2022-02-09T10:25:35.766676+00:00,2022-02-09,S1A,ascending,113,41835,IW,"VH,VV"
S1A_IW_GRDH_1SDV_20220214T103333_20220214T103402_041908_04FD67_rtc,2022-02-14T10:33:48.430838+00:00,2022-02-14,S1A,ascending,11,41908,IW,"VH,VV"
S1A_IW_GRDH_1SDV_20220221T102521_20220221T102550_042010_0500FC_rtc,2022-02-21T10:25:35.685351+00:00,2022-02-21,S1A,ascending,113,42010,IW,"VH,VV"
S1A_IW_GRDH_1SDV_20220226T103333_20220226T103402_042083_05036E_rtc,2022-02-26T10:33:48.329444+00:00,2022-02-26,S1A,ascending,11,42083,IW,"VH,VV"
S1A_IW_GRDH_1SDV_20220305T102520_20220305T102549_042185_0506EB_rtc,2022-03-05T10:25:35.403632+00:00,2022-03-05,S1A,ascending,113,42185,IW,"VH,VV"
S1A_IW_GRDH_1SDV_20220310T103333_20220310T103402_042258_05095A_rtc,2022-03-10T10:33:48.238807+00:00,2022-03-10,S1A,ascending,11,42258,IW,"VH,VV"
S1A_IW_GRDH_1SDV_20220317T102520_20220317T102549_042360_050CD9_rtc,2022-03-17T10:25:35.426846+00:00,2022-03-17,S1A,ascending,113,42360,IW,"VH,VV"
S1A_IW_GRDH_1SDV_20220322T103334_20220322T103403_042433_050F51_rtc,2022-03-22T10:33:48.599149+00:00,2022-03-22,S1A,ascending,11,42433,IW,"VH,VV"
S1A_IW_GRDH_1SDV_20220329T102521_20220329T102550_042535_0512CB_rtc,2022-03-29T10:25:35.882203+00:00,2022-03-29,S1A,ascending,113,42535,IW,"VH,VV"
S1A_IW_GRDH_1SDV_20220403T103334_20220403T103403_042608_051543_rtc,2022-04-03T10:33:48.834391+00:00,2022-04-03,S1A,ascending,11,42608,IW,"VH,VV"
S1A_IW_GRDH_1SDV_20220410T102521_20220410T102550_042710_0518B4_rtc,2022-04-10T10:25:36.133433+00:00,2022-04-10,S1A,ascending,113,42710,IW,"VH,VV"
S1A_IW_GRDH_1SDV_20220415T103334_20220415T103403_042783_051B28_rtc,2022-04-15T10:33:48.955302+00:00,2022-04-15,S1A,ascending,11,42783,IW,"VH,VV"
S1A_IW_GRDH_1SDV_20220422T102522_20220422T102551_042885_051E8A_rtc,2022-04-22T10:25:36.775260+00:00,2022-04-22,S1A,ascending,113,42885,IW,"VH,VV"
S1A_IW_GRDH_1SDV_20220427T103335_20220427T103404_042958_0520E6_rtc,2022-04-27T10:33:49.672973+00:00,2022-04-27,S1A,ascending,11,42958,IW,"VH,VV"
S1A_IW_GRDH_1SDV_20220504T102522_20220504T102551_043060_052453_rtc,2022-05-04T10:25:36.864305+00:00,2022-05-04,S1A,ascending,113,43060,IW,"VH,VV"
S1A_IW_GRDH_1SDV_20220509T103335_20220509T103404_043133_0526BC_rtc,2022-05-09T10:33:50.226990+00:00,2022-05-09,S1A,ascending,11,43133,IW,"VH,VV"
S1A_IW_GRDH_1SDV_20220516T102523_20220516T102552_043235_0529D4_rtc,2022-05-16T10:25:38.050357+00:00,2022-05-16,S1A,ascending,113,43235,IW,"VH,VV"
S1A_IW_GRDH_1SDV_20220521T103336_20220521T103405_043308_052BFB_rtc,2022-05-21T10:33:51.023743+00:00,2022-05-21,S1A,ascending,11,43308,IW,"VH,VV"
S1A_IW_GRDH_1SDV_20220528T102524_20220528T102553_043410_052F02_rtc,2022-05-28T10:25:38.829145+00:00,2022-05-28,S1A,ascending,113,43410,IW,"VH,VV"
S1A_IW_GRDH_1SDV_20220602T103337_20220602T103406_043483_05311F_rtc,2022-06-02T10:33:52.129539+00:00,2022-06-02,S1A,ascending,11,43483,IW,"VH,VV"
S1A_IW_GRDH_1SDV_20220609T102525_20220609T102554_043585_05342E_rtc,2022-06-09T10:25:39.916041+00:00,2022-06-09,S1A,ascending,113,43585,IW,"VH,VV"
S1A_IW_GRDH_1SDV_20220614T103338_20220614T103407_043658_053659_rtc,2022-06-14T10:33:52.760871+00:00,2022-06-14,S1A,ascending,11,43658,IW,"VH,VV"
S1A_IW_GRDH_1SDV_20220621T102526_20220621T102555_043760_05396F_rtc,2022-06-21T10:25:40.602816+00:00,2022-06-21,S1A,ascending,113,43760,IW,"VH,VV"
S1A_IW_GRDH_1SDV_20220626T103339_20220626T103408_043833_053B9D_rtc,2022-06-26T10:33:53.690847+00:00,2022-06-26,S1A,ascending,11,43833,IW,"VH,VV"
S1A_IW_GRDH_1SDV_20220703T102526_20220703T102555_043935_053E9F_rtc,2022-07-03T10:25:41.271298+00:00,2022-07-03,S1A,ascending,113,43935,IW,"VH,VV"
S1A_IW_GRDH_1SDV_20220708T103339_20220708T103408_044008_0540CB_rtc,2022-07-08T10:33:54.282679+00:00,2022-07-08,S1A,ascending,11,44008,IW,"VH,VV"
S1A_IW_GRDH_1SDV_20220715T102527_20220715T102556_044110_0543DB_rtc,2022-07-15T10:25:41.960113+00:00,2022-07-15,S1A,ascending,113,44110,IW,"VH,VV"
S1A_IW_GRDH_1SDV_20220720T103340_20220720T103409_044183_054610_rtc,2022-07-20T10:33:55.045615+00:00,2022-07-20,S1A,ascending,11,44183,IW,"VH,VV"
S1A_IW_GRDH_1SDV_20220727T102528_20220727T102557_044285_054914_rtc,2022-07-27T10:25:42.679969+00:00,2022-07-27,S1A,ascending,113,44285,IW,"VH,VV"
S1A_IW_GRDH_1SDV_20220801T103341_20220801T103410_044358_054B34_rtc,2022-08-01T10:33:55.842740+00:00,2022-08-01,S1A,ascending,11,44358,IW,"VH,VV"
S1A_IW_GRDH_1SDV_20220808T102529_20220808T102558_044460_054E2D_rtc,2022-08-08T10:25:43.593483+00:00,2022-08-08,S1A,ascending,113,44460,IW,"VH,VV"
S1A_IW_GRDH_1SDV_20220813T103342_20220813T103411_044533_055092_rtc,2022-08-13T10:33:56.575077+00:00,2022-08-13,S1A,ascending,11,44533,IW,"VH,VV"
S1A_IW_GRDH_1SDV_20220820T102529_20220820T102558_044635_055407_rtc,2022-08-20T10:25:44.216652+00:00,2022-08-20,S1A,ascending,113,44635,IW,"VH,VV"
S1A_IW_GRDH_1SDV_20220825T103342_20220825T103411_044708_055677_rtc,2022-08-25T10:33:56.961519+00:00,2022-08-25,S1A,ascending,11,44708,IW,"VH,VV"
S1A_IW_GRDH_1SDV_20220901T102530_20220901T102559_044810_0559EE_rtc,2022-09-01T10:25:44.887082+00:00,2022-09-01,S1A,ascending,113,44810,IW,"VH,VV"
S1A_IW_GRDH_1SDV_20220906T103343_20220906T103412_044883_055C68_rtc,2022-09-06T10:33:57.950950+00:00,2022-09-06,S1A,ascending,11,44883,IW,"VH,VV"
S1A_IW_GRDH_1SDV_20220913T102530_20220913T102559_044985_055FCD_rtc,2022-09-13T10:25:45.351264+00:00,2022-09-13,S1A,ascending,113,44985,IW,"VH,VV"
S1A_IW_GRDH_1SDV_20220918T103343_20220918T103412_045058_056244_rtc,2022-09-18T10:33:57.681508+00:00,2022-09-18,S1A,ascending,11,45058,IW,"VH,VV"
S1A_IW_GRDH_1SDV_20220925T102530_20220925T102559_045160_0565B6_rtc,2022-09-25T10:25:45.087010+00:00,2022-09-25,S1A,ascending,113,45160,IW,"VH,VV"
S1A_IW_GRDH_1SDV_20220930T103343_20220930T103412_045233_056820_rtc,2022-09-30T10:33:58.344702+00:00,2022-09-30,S1A,ascending,11,45233,IW,"VH,VV"
S1A_IW_GRDH_1SDV_20221007T102531_20221007T102600_045335_056B8F_rtc,2022-10-07T10:25:45.511286+00:00,2022-10-07,S1A,ascending,113,45335,IW,"VH,VV"
S1A_IW_GRDH_1SDV_20221012T103343_20221012T103412_045408_056E08_rtc,2022-10-12T10:33:58.147712+00:00,2022-10-12,S1A,ascending,11,45408,IW,"VH,VV"
S1A_IW_GRDH_1SDV_20221024T103343_20221024T103412_045583_057334_rtc,2022-10-24T10:33:58.446411+00:00,2022-10-24,S1A,ascending,11,45583,IW,"VH,VV"
S1A_IW_GRDH_1SDV_20221031T102530_20221031T102559_045685_0576AC_rtc,2022-10-31T10:25:45.489915+00:00,2022-10-31,S1A,ascending,113,45685,IW,"VH,VV"
S1A_IW_GRDH_1SDV_20221105T103343_20221105T103412_045758_05791B_rtc,2022-11-05T10:33:58.000684+00:00,2022-11-05,S1A,ascending,11,45758,IW,"VH,VV"
S1A_IW_GRDH_1SDV_20221112T102530_20221112T102559_045860_057C92_rtc,2022-11-12T10:25:45.112313+00:00,2022-11-12,S1A,ascending,113,45860,IW,"VH,VV"
S1A_IW_GRDH_1SDV_20221117T103343_20221117T103412_045933_057F00_rtc,2022-11-17T10:33:57.748647+00:00,2022-11-17,S1A,ascending,11,45933,IW,"VH,VV"
S1A_IW_GRDH_1SDV_20221124T102530_20221124T102559_046035_058278_rtc,2022-11-24T10:25:45.383419+00:00,2022-11-24,S1A,ascending,113,46035,IW,"VH,VV"
S1A_IW_GRDH_1SDV_20221129T103342_20221129T103411_046108_0584F3_rtc,2022-11-29T10:33:57.478090+00:00,2022-11-29,S1A,ascending,11,46108,IW,"VH,VV"
S1A_IW_GRDH_1SDV_20221206T102530_20221206T102559_046210_058873_rtc,2022-12-06T10:25:44.614470+00:00,2022-12-06,S1A,ascending,113,46210,IW,"VH,VV"
S1A_IW_GRDH_1SDV_20221211T103342_20221211T103411_046283_058AEC_rtc,2022-12-11T10:33:57.011649+00:00,2022-12-11,S1A,ascending,11,46283,IW,"VH,VV"
S1A_IW_GRDH_1SDV_20221218T102529_20221218T102558_046385_058E71_rtc,2022-12-18T10:25:43.774506+00:00,2022-12-18,S1A,ascending,113,46385,IW,"VH,VV"
S1A_IW_GRDH_1SDV_20221223T103341_20221223T103410_046458_0590E5_rtc,2022-12-23T10:33:56.177683+00:00,2022-12-23,S1A,ascending,11,46458,IW,"VH,VV"
S1A_IW_GRDH_1SDV_20221230T102528_20221230T102557_046560_059456_rtc,2022-12-30T10:25:43.228680+00:00,2022-12-30,S1A,ascending,113,46560,IW,"VH,VV"
S1A_IW_GRDH_1SDV_20230104T103341_20230104T103410_046633_0596D6_rtc,2023-01-04T10:33:55.594471+00:00,2023-01-04,S1A,ascending,11,46633,IW,"VH,VV"
S1A_IW_GRDH_1SDV_20230111T102527_20230111T102556_046735_059A40_rtc,2023-01-11T10:25:42.133293+00:00,2023-01-11,S1A,ascending,113,46735,IW,"VH,VV"
S1A_IW_GRDH_1SDV_20230116T103340_20230116T103409_046808_059CB7_rtc,2023-01-16T10:33:54.858970+00:00,2023-01-16,S1A,ascending,11,46808,IW,"VH,VV"
S1A_IW_GRDH_1SDV_20230123T102527_20230123T102556_046910_05A028_rtc,2023-01-23T10:25:42.273092+00:00,2023-01-23,S1A,ascending,113,46910,IW,"VH,VV"
S1A_IW_GRDH_1SDV_20230128T103340_20230128T103409_046983_05A29F_rtc,2023-01-28T10:33:54.932284+00:00,2023-01-28,S1A,ascending,11,46983,IW,"VH,VV"
S1A_IW_GRDH_1SDV_20230204T102527_20230204T102556_047085_05A5FD_rtc,2023-02-04T10:25:41.809907+00:00,2023-02-04,S1A,ascending,113,47085,IW,"VH,VV"
S1A_IW_GRDH_1SDV_20230209T103339_20230209T103408_047158_05A875_rtc,2023-02-09T10:33:53.885982+00:00,2023-02-09,S1A,ascending,11,47158,IW,"VH,VV"
S1A_IW_GRDH_1SDV_20230216T102526_20230216T102555_047260_05ABE1_rtc,2023-02-16T10:25:41.142448+00:00,2023-02-16,S1A,ascending,113,47260,IW,"VH,VV"
S1A_IW_GRDH_1SDV_20230221T103339_20230221T103408_047333_05AE6A_rtc,2023-02-21T10:33:53.750077+00:00,2023-02-21,S1A,ascending,11,47333,IW,"VH,VV"
S1A_IW_GRDH_1SDV_20230228T102527_20230228T102556_047435_05B1D5_rtc,2023-02-28T10:25:41.529395+00:00,2023-02-28,S1A,ascending,113,47435,IW,"VH,VV"
S1A_IW_GRDH_1SDV_20230305T103339_20230305T103408_047508_05B454_rtc,2023-03-05T10:33:54.222599+00:00,2023-03-05,S1A,ascending,11,47508,IW,"VH,VV"
S1A_IW_GRDH_1SDV_20230312T102526_20230312T102555_047610_05B7BE_rtc,2023-03-12T10:25:41.312956+00:00,2023-03-12,S1A,ascending,113,47610,IW,"VH,VV"
S1A_IW_GRDH_1SDV_20230317T103339_20230317T103408_047683_05BA3E_rtc,2023-03-17T10:33:53.828606+00:00,2023-03-17,S1A,ascending,11,47683,IW,"VH,VV"
S1A_IW_GRDH_1SDV_20230324T102527_20230324T102556_047785_05BDA4_rtc,2023-03-24T10:25:41.521203+00:00,2023-03-24,S1A,ascending,113,47785,IW,"VH,VV"
S1A_IW_GRDH_1SDV_20230405T102527_20230405T102556_047960_05C38B_rtc,2023-04-05T10:25:41.608358+00:00,2023-04-05,S1A,ascending,113,47960,IW,"VH,VV"
S1A_IW_GRDH_1SDV_20230410T103340_20230410T103409_048033_05C60D_rtc,2023-04-10T10:33:54.894715+00:00,2023-04-10,S1A,ascending,11,48033,IW,"VH,VV"
S1A_IW_GRDH_1SDV_20230417T102527_20230417T102556_048135_05C976_rtc,2023-04-17T10:25:42.145622+00:00,2023-04-17,S1A,ascending,113,48135,IW,"VH,VV"
S1A_IW_GRDH_1SDV_20230422T103340_20230422T103409_048208_05CBE6_rtc,2023-04-22T10:33:54.936470+00:00,2023-04-22,S1A,ascending,11,48208,IW,"VH,VV"
S1A_IW_GRDH_1SDV_20230429T102528_20230429T102557_048310_05CF56_rtc,2023-04-29T10:25:42.816335+00:00,2023-04-29,S1A,ascending,113,48310,IW,"VH,VV"
S1A_IW_GRDH_1SDV_20230504T103341_20230504T103410_048383_05D1C5_rtc,2023-05-04T10:33:55.602702+00:00,2023-05-04,S1A,ascending,11,48383,IW,"VH,VV"
S1A_IW_GRDH_1SDV_20230511T102528_20230511T102557_048485_05D508_rtc,2023-05-11T10:25:43.166421+00:00,2023-05-11,S1A,ascending,113,48485,IW,"VH,VV"
S1A_IW_GRDH_1SDV_20230523T102529_20230523T102558_048660_05DA38_rtc,2023-05-23T10:25:43.907123+00:00,2023-05-23,S1A,ascending,113,48660,IW,"VH,VV"
S1A_IW_GRDH_1SDV_20230604T102529_20230604T102558_048835_05DF6C_rtc,2023-06-04T10:25:44.471596+00:00,2023-06-04,S1A,ascending,113,48835,IW,"VH,VV"
S1A_IW_GRDH_1SDV_20230609T103342_20230609T103411_048908_05E1A9_rtc,2023-06-09T10:33:57.250421+00:00,2023-06-09,S1A,ascending,11,48908,IW,"VH,VV"
S1A_IW_GRDH_1SDV_20230616T102530_20230616T102559_049010_05E4C1_rtc,2023-06-16T10:25:45.261686+00:00,2023-06-16,S1A,ascending,113,49010,IW,"VH,VV"
S1A_IW_GRDH_1SDV_20230621T103343_20230621T103412_049083_05E700_rtc,2023-06-21T10:33:57.896688+00:00,2023-06-21,S1A,ascending,11,49083,IW,"VH,VV"
S1A_IW_GRDH_1SDV_20230628T102530_20230628T102559_049185_05EA14_rtc,2023-06-28T10:25:45.329831+00:00,2023-06-28,S1A,ascending,113,49185,IW,"VH,VV"
S1A_IW_GRDH_1SDV_20230703T103344_20230703T103413_049258_05EC51_rtc,2023-07-03T10:33:58.860668+00:00,2023-07-03,S1A,ascending,11,49258,IW,"VH,VV"
S1A_IW_GRDH_1SDV_20230710T102532_20230710T102601_049360_05EF7C_rtc,2023-07-10T10:25:46.811533+00:00,2023-07-10,S1A,ascending,113,49360,IW,"VH,VV"
S1A_IW_GRDH_1SDV_20230715T103345_20230715T103414_049433_05F1BD_rtc,2023-07-15T10:33:59.853690+00:00,2023-07-15,S1A,ascending,11,49433,IW,"VH,VV"
S1A_IW_GRDH_1SDV_20230722T102532_20230722T102601_049535_05F4D0_rtc,2023-07-22T10:25:47.463654+00:00,2023-07-22,S1A,ascending,113,49535,IW,"VH,VV"
S1A_IW_GRDH_1SDV_20230727T103345_20230727T103415_049608_05F71D_rtc,2023-07-27T10:34:00.734081+00:00,2023-07-27,S1A,ascending,11,49608,IW,"VH,VV"
S1A_IW_GRDH_1SDV_20230803T102533_20230803T102602_049710_05FA38_rtc,2023-08-03T10:25:48.159618+00:00,2023-08-03,S1A,ascending,113,49710,IW,"VH,VV"
S1A_IW_GRDH_1SDV_20230808T103346_20230808T103415_049783_05FC90_rtc,2023-08-08T10:34:00.676012+00:00,2023-08-08,S1A,ascending,11,49783,IW,"VH,VV"
S1A_IW_GRDH_1SDV_20230815T102534_20230815T102603_049885_060006_rtc,2023-08-15T10:25:48.629647+00:00,2023-08-15,S1A,ascending,113,49885,IW,"VH,VV"
S1A_IW_GRDH_1SDV_20230820T103347_20230820T103416_049958_060290_rtc,2023-08-20T10:34:01.893646+00:00,2023-08-20,S1A,ascending,11,49958,IW,"VH,VV"
S1A_IW_GRDH_1SDV_20230827T102534_20230827T102604_050060_060605_rtc,2023-08-27T10:25:49.508909+00:00,2023-08-27,S1A,ascending,113,50060,IW,"VH,VV"
S1A_IW_GRDH_1SDV_20230901T103347_20230901T103416_050133_060890_rtc,2023-09-01T10:34:02.443255+00:00,2023-09-01,S1A,ascending,11,50133,IW,"VH,VV"
S1A_IW_GRDH_1SDV_20230908T102535_20230908T102604_050235_060BF7_rtc,2023-09-08T10:25:50.013308+00:00,2023-09-08,S1A,ascending,113,50235,IW,"VH,VV"
S1A_IW_GRDH_1SDV_20230913T103348_20230913T103417_050308_060E89_rtc,2023-09-13T10:34:02.808371+00:00,2023-09-13,S1A,ascending,11,50308,IW,"VH,VV"
S1A_IW_GRDH_1SDV_20230920T102535_20230920T102604_050410_0611EE_rtc,2023-09-20T10:25:50.299272+00:00,2023-09-20,S1A,ascending,113,50410,IW,"VH,VV"
S1A_IW_GRDH_1SDV_20230925T103348_20230925T103417_050483_06147C_rtc,2023-09-25T10:34:03.406938+00:00,2023-09-25,S1A,ascending,11,50483,IW,"VH,VV"
S1A_IW_GRDH_1SDV_20231002T102536_20231002T102605_050585_0617F0_rtc,2023-10-02T10:25:50.688023+00:00,2023-10-02,S1A,ascending,113,50585,IW,"VH,VV"
S1A_IW_GRDH_1SDV_20231007T103348_20231007T103417_050658_061A7B_rtc,2023-10-07T10:34:03.318022+00:00,2023-10-07,S1A,ascending,11,50658,IW,"VH,VV"
S1A_IW_GRDH_1SDV_20231014T102536_20231014T102605_050760_061DF1_rtc,2023-10-14T10:25:50.552710+00:00,2023-10-14,S1A,ascending,113,50760,IW,"VH,VV"
S1A_IW_GRDH_1SDV_20231019T103348_20231019T103417_050833_062076_rtc,2023-10-19T10:34:03.389754+00:00,2023-10-19,S1A,ascending,11,50833,IW,"VH,VV"
S1A_IW_GRDH_1SDV_20231026T102535_20231026T102605_050935_0623E3_rtc,2023-10-26T10:25:50.499100+00:00,2023-10-26,S1A,ascending,113,50935,IW,"VH,VV"
S1A_IW_GRDH_1SDV_20231107T102535_20231107T102604_051110_0629E7_rtc,2023-11-07T10:25:50.031562+00:00,2023-11-07,S1A,ascending,113,51110,IW,"VH,VV"
S1A_IW_GRDH_1SDV_20231112T103348_20231112T103417_051183_062C78_rtc,2023-11-12T10:34:02.868671+00:00,2023-11-12,S1A,ascending,11,51183,IW,"VH,VV"
S1A_IW_GRDH_1SDV_20231119T102535_20231119T102604_051285_062FF6_rtc,2023-11-19T10:25:50.084410+00:00,2023-11-19,S1A,ascending,113,51285,IW,"VH,VV"
S1A_IW_GRDH_1SDV_20231124T103347_20231124T103416_051358_063282_rtc,2023-11-24T10:34:02.133143+00:00,2023-11-24,S1A,ascending,11,51358,IW,"VH,VV"
S1A_IW_GRDH_1SDV_20231206T103347_20231206T103416_051533_063884_rtc,2023-12-06T10:34:01.985368+00:00,2023-12-06,S1A,ascending,11,51533,IW,"VH,VV"
S1A_IW_GRDH_1SDV_20231213T102534_20231213T102603_051635_063C1D_rtc,2023-12-13T10:25:49.140056+00:00,2023-12-13,S1A,ascending,113,51635,IW,"VH,VV"
S1A_IW_GRDH_1SDV_20231218T103346_20231218T103415_051708_063EA4_rtc,2023-12-18T10:34:01.326491+00:00,2023-12-18,S1A,ascending,11,51708,IW,"VH,VV"
S1A_IW_GRDH_1SDV_20231225T102533_20231225T102602_051810_064220_rtc,2023-12-25T10:25:48.162891+00:00,2023-12-25,S1A,ascending,113,51810,IW,"VH,VV"
S1A_IW_GRDH_1SDV_20231230T103346_20231230T103415_051883_0644AC_rtc,2023-12-30T10:34:00.727363+00:00,2023-12-30,S1A,ascending,11,51883,IW,"VH,VV"
S1A_IW_GRDH_1SDV_20240106T102533_20240106T102602_051985_06481D_rtc,2024-01-06T10:25:47.763560+00:00,2024-01-06,S1A,ascending,113,51985,IW,"VH,VV"
S1A_IW_GRDH_1SDV_20240118T102532_20240118T102601_052160_064E0C_rtc,2024-01-18T10:25:46.968629+00:00,2024-01-18,S1A,ascending,113,52160,IW,"VH,VV"
S1A_IW_GRDH_1SDV_20240123T103345_20240123T103414_052233_06508B_rtc,2024-01-23T10:33:59.660678+00:00,2024-01-23,S1A,ascending,11,52233,IW,"VH,VV"
S1A_IW_GRDH_1SDV_20240130T102532_20240130T102601_052335_0653FA_rtc,2024-01-30T10:25:46.825621+00:00,2024-01-30,S1A,ascending,113,52335,IW,"VH,VV"
S1A_IW_GRDH_1SDV_20240204T103344_20240204T103413_052408_065677_rtc,2024-02-04T10:33:59.330279+00:00,2024-02-04,S1A,ascending,11,52408,IW,"VH,VV"
S1A_IW_GRDH_1SDV_20240211T102531_20240211T102600_052510_0659DE_rtc,2024-02-11T10:25:46.379972+00:00,2024-02-11,S1A,ascending,113,52510,IW,"VH,VV"
S1A_IW_GRDH_1SDV_20240216T103344_20240216T103413_052583_065C62_rtc,2024-02-16T10:33:59.094289+00:00,2024-02-16,S1A,ascending,11,52583,IW,"VH,VV"
S1A_IW_GRDH_1SDV_20240223T102531_20240223T102600_052685_065FD0_rtc,2024-02-23T10:25:46.299525+00:00,2024-02-23,S1A,ascending,113,52685,IW,"VH,VV"
S1A_IW_GRDH_1SDV_20240228T103344_20240228T103413_052758_06624F_rtc,2024-02-28T10:33:58.947875+00:00,2024-02-28,S1A,ascending,11,52758,IW,"VH,VV"
S1A_IW_GRDH_1SDV_20240306T102531_20240306T102600_052860_0665C3_rtc,2024-03-06T10:25:46.398309+00:00,2024-03-06,S1A,ascending,113,52860,IW,"VH,VV"
S1A_IW_GRDH_1SDV_20240311T103344_20240311T103413_052933_066845_rtc,2024-03-11T10:33:59.094245+00:00,2024-03-11,S1A,ascending,11,52933,IW,"VH,VV"
S1A_IW_GRDH_1SDV_20240318T102532_20240318T102601_053035_066BF7_rtc,2024-03-18T10:25:46.735001+00:00,2024-03-18,S1A,ascending,113,53035,IW,"VH,VV"
S1A_IW_GRDH_1SDV_20240323T103344_20240323T103413_053108_066ECE_rtc,2024-03-23T10:33:59.411264+00:00,2024-03-23,S1A,ascending,11,53108,IW,"VH,VV"
S1A_IW_GRDH_1SDV_20240330T102532_20240330T102601_053210_0672A0_rtc,2024-03-30T10:25:47.154074+00:00,2024-03-30,S1A,ascending,113,53210,IW,"VH,VV"
S1A_IW_GRDH_1SDV_20240404T103345_20240404T103414_053283_067573_rtc,2024-04-04T10:34:00.041089+00:00,2024-04-04,S1A,ascending,11,53283,IW,"VH,VV"
S1A_IW_GRDH_1SDV_20240411T102531_20240411T102600_053385_067984_rtc,2024-04-11T10:25:46.176521+00:00,2024-04-11,S1A,ascending,113,53385,IW,"VH,VV"
S1A_IW_GRDH_1SDV_20240416T103345_20240416T103414_053458_067C65_rtc,2024-04-16T10:34:00.056185+00:00,2024-04-16,S1A,ascending,11,53458,IW,"VH,VV"
S1A_IW_GRDH_1SDV_20240423T102532_20240423T102601_053560_068066_rtc,2024-04-23T10:25:47.350116+00:00,2024-04-23,S1A,ascending,113,53560,IW,"VH,VV"
S1A_IW_GRDH_1SDV_20240428T103346_20240428T103415_053633_068344_rtc,2024-04-28T10:34:00.651669+00:00,2024-04-28,S1A,ascending,11,53633,IW,"VH,VV"
S1A_IW_GRDH_1SDV_20240505T102533_20240505T102602_053735_068749_rtc,2024-05-05T10:25:48.039426+00:00,2024-05-05,S1A,ascending,113,53735,IW,"VH,VV"
S1A_IW_GRDH_1SDV_20240517T102533_20240517T102602_053910_068D72_rtc,2024-05-17T10:25:48.035142+00:00,2024-05-17,S1A,ascending,113,53910,IW,"VH,VV"
S1A_IW_GRDH_1SDV_20240522T103345_20240522T103414_053983_068FFF_rtc,2024-05-22T10:34:00.049806+00:00,2024-05-22,S1A,ascending,11,53983,IW,"VH,VV"
S1A_IW_GRDH_1SDV_20240610T102532_20240610T102601_054260_069994_rtc,2024-06-10T10:25:47.058255+00:00,2024-06-10,S1A,ascending,113,54260,IW,"VH,VV"
S1A_IW_GRDH_1SDV_20240615T103345_20240615T103414_054333_069C1B_rtc,2024-06-15T10:33:59.700325+00:00,2024-06-15,S1A,ascending,11,54333,IW,"VH,VV"
S1A_IW_GRDH_1SDV_20240622T102532_20240622T102601_054435_069FA0_rtc,2024-06-22T10:25:46.625179+00:00,2024-06-22,S1A,ascending,113,54435,IW,"VH,VV"
S1A_IW_GRDH_1SDV_20240704T102531_20240704T102600_054610_06A5BB_rtc,2024-07-04T10:25:45.915446+00:00,2024-07-04,S1A,ascending,113,54610,IW,"VH,VV"
S1A_IW_GRDH_1SDV_20240716T102531_20240716T102600_054785_06ABC7_rtc,2024-07-16T10:25:45.527323+00:00,2024-07-16,S1A,ascending,113,54785,IW,"VH,VV"
S1A_IW_GRDH_1SDV_20240728T102530_20240728T102559_054960_06B1E1_rtc,2024-07-28T10:25:45.072580+00:00,2024-07-28,S1A,ascending,113,54960,IW,"VH,VV"
S1A_IW_GRDH_1SDV_20240809T102530_20240809T102559_055135_06B80A_rtc,2024-08-09T10:25:45.167287+00:00,2024-08-09,S1A,ascending,113,55135,IW,"VH,VV"
S1A_IW_GRDH_1SDV_20240814T103343_20240814T103412_055208_06BAB0_rtc,2024-08-14T10:33:57.633194+00:00,2024-08-14,S1A,ascending,11,55208,IW,"VH,VV"
S1A_IW_GRDH_1SDV_20240821T102530_20240821T102559_055310_06BE67_rtc,2024-08-21T10:25:45.451886+00:00,2024-08-21,S1A,ascending,113,55310,IW,"VH,VV"
S1A_IW_GRDH_1SDV_20240826T103343_20240826T103412_055383_06C131_rtc,2024-08-26T10:33:58.373065+00:00,2024-08-26,S1A,ascending,11,55383,IW,"VH,VV"
S1A_IW_GRDH_1SDV_20240902T102531_20240902T102600_055485_06C4E7_rtc,2024-09-02T10:25:45.673284+00:00,2024-09-02,S1A,ascending,113,55485,IW,"VH,VV"
S1A_IW_GRDH_1SDV_20240907T103344_20240907T103413_055558_06C7D2_rtc,2024-09-07T10:33:58.548132+00:00,2024-09-07,S1A,ascending,11,55558,IW,"VH,VV"
S1A_IW_GRDH_1SDV_20240914T102531_20240914T102600_055660_06CBD1_rtc,2024-09-14T10:25:46.206499+00:00,2024-09-14,S1A,ascending,113,55660,IW,"VH,VV"
S1A_IW_GRDH_1SDV_20240919T103344_20240919T103413_055733_06CEBA_rtc,2024-09-19T10:33:59.083165+00:00,2024-09-19,S1A,ascending,11,55733,IW,"VH,VV"
S1A_IW_GRDH_1SDV_20240926T102531_20240926T102600_055835_06D2BF_rtc,2024-09-26T10:25:46.326509+00:00,2024-09-26,S1A,ascending,113,55835,IW,"VH,VV"
S1A_IW_GRDH_1SDV_20241008T102532_20241008T102601_056010_06D9A6_rtc,2024-10-08T10:25:47.318702+00:00,2024-10-08,S1A,ascending,113,56010,IW,"VH,VV"
S1A_IW_GRDH_1SDV_20241013T103344_20241013T103413_056083_06DC8B_rtc,2024-10-13T10:33:59.394111+00:00,2024-10-13,S1A,ascending,11,56083,IW,"VH,VV"
S1A_IW_GRDH_1SDV_20241020T102532_20241020T102601_056185_06E091_rtc,2024-10-20T10:25:47.000006+00:00,2024-10-20,S1A,ascending,113,56185,IW,"VH,VV"
S1A_IW_GRDH_1SDV_20241025T103344_20241025T103413_056258_06E381_rtc,2024-10-25T10:33:59.097038+00:00,2024-10-25,S1A,ascending,11,56258,IW,"VH,VV"
S1A_IW_GRDH_1SDV_20241113T102531_20241113T102600_056535_06EE7A_rtc,2024-11-13T10:25:46.249619+00:00,2024-11-13,S1A,ascending,113,56535,IW,"VH,VV"
S1A_IW_GRDH_1SDV_20241118T103344_20241118T103413_056608_06F16C_rtc,2024-11-18T10:33:58.880143+00:00,2024-11-18,S1A,ascending,11,56608,IW,"VH,VV"
S1A_IW_GRDH_1SDV_20241125T102531_20241125T102600_056710_06F578_rtc,2024-11-25T10:25:45.567619+00:00,2024-11-25,S1A,ascending,113,56710,IW,"VH,VV"
S1A_IW_GRDH_1SDV_20241207T102530_20241207T102559_056885_06FC56_rtc,2024-12-07T10:25:44.513290+00:00,2024-12-07,S1A,ascending,113,56885,IW,"VH,VV"
S1A_IW_GRDH_1SDV_20241212T103342_20241212T103411_056958_06FF3D_rtc,2024-12-12T10:33:57.101128+00:00,2024-12-12,S1A,ascending,11,56958,IW,"VH,VV"
S1A_IW_GRDH_1SDV_20241219T102528_20241219T102557_057060_070358_rtc,2024-12-19T10:25:43.309256+00:00,2024-12-19,S1A,ascending,113,57060,IW,"VH,VV"
S1A_IW_GRDH_1SDV_20241224T103341_20241224T103410_057133_070648_rtc,2024-12-24T10:33:55.765052+00:00,2024-12-24,S1A,ascending,11,57133,IW,"VH,VV"
S1A_IW_GRDH_1SDV_20250105T103340_20250105T103409_057308_070D26_rtc,2025-01-05T10:33:54.682932+00:00,2025-01-05,S1A,ascending,11,57308,IW,"VH,VV"
S1A_IW_GRDH_1SDV_20250112T102526_20250112T102555_057410_07112A_rtc,2025-01-12T10:25:41.426726+00:00,2025-01-12,S1A,ascending,113,57410,IW,"VH,VV"
S1A_IW_GRDH_1SDV_20250117T103339_20250117T103408_057483_071413_rtc,2025-01-17T10:33:53.545242+00:00,2025-01-17,S1A,ascending,11,57483,IW,"VH,VV"
S1A_IW_GRDH_1SDV_20250124T102526_20250124T102555_057585_07181F_rtc,2025-01-24T10:25:40.579265+00:00,2025-01-24,S1A,ascending,113,57585,IW,"VH,VV"
S1A_IW_GRDH_1SDV_20250129T103338_20250129T103407_057658_071B07_rtc,2025-01-29T10:33:53.019910+00:00,2025-01-29,S1A,ascending,11,57658,IW,"VH,VV"
S1A_IW_GRDH_1SDV_20250205T102525_20250205T102554_057760_071F06_rtc,2025-02-05T10:25:40.037488+00:00,2025-02-05,S1A,ascending,113,57760,IW,"VH,VV"
S1A_IW_GRDH_1SDV_20250217T102524_20250217T102553_057935_072612_rtc,2025-02-17T10:25:39.493686+00:00,2025-02-17,S1A,ascending,113,57935,IW,"VH,VV"
S1A_IW_GRDH_1SDV_20250306T103337_20250306T103406_058183_073045_rtc,2025-03-06T10:33:52.287072+00:00,2025-03-06,S1A,ascending,11,58183,IW,"VH,VV"
S1A_IW_GRDH_1SDV_20250313T102525_20250313T102554_058285_073449_rtc,2025-03-13T10:25:39.575048+00:00,2025-03-13,S1A,ascending,113,58285,IW,"VH,VV"
S1A_IW_GRDH_1SDV_20250318T103337_20250318T103406_058358_07372C_rtc,2025-03-18T10:33:52.384116+00:00,2025-03-18,S1A,ascending,11,58358,IW,"VH,VV"
S1A_IW_GRDH_1SDV_20250325T102524_20250325T102553_058460_073B2B_rtc,2025-03-25T10:25:39.375793+00:00,2025-03-25,S1A,ascending,113,58460,IW,"VH,VV"
S1A_IW_GRDH_1SDV_20250330T103338_20250330T103407_058533_073E2A_rtc,2025-03-30T10:33:52.766027+00:00,2025-03-30,S1A,ascending,11,58533,IW,"VH,VV"
S1A_IW_GRDH_1SDV_20250406T102525_20250406T102554_058635_074250_rtc,2025-04-06T10:25:40.203896+00:00,2025-04-06,S1A,ascending,113,58635,IW,"VH,VV"
S1A_IW_GRDH_1SDV_20250411T103338_20250411T103407_058708_074557_rtc,2025-04-11T10:33:52.568545+00:00,2025-04-11,S1A,ascending,11,58708,IW,"VH,VV"
S1A_IW_GRDH_1SDV_20250418T102525_20250418T102554_058810_074978_rtc,2025-04-18T10:25:40.107765+00:00,2025-04-18,S1A,ascending,113,58810,IW,"VH,VV"
S1A_IW_GRDH_1SDV_20250423T103338_20250423T103407_058883_074C80_rtc,2025-04-23T10:33:52.859499+00:00,2025-04-23,S1A,ascending,11,58883,IW,"VH,VV"
S1A_IW_GRDH_1SDV_20250505T103338_20250505T103407_059058_07537C_rtc,2025-05-05T10:33:52.941292+00:00,2025-05-05,S1A,ascending,11,59058,IW,"VH,VV"
S1A_IW_GRDH_1SDV_20250512T102525_20250512T102554_059160_075727_rtc,2025-05-12T10:25:40.171492+00:00,2025-05-12,S1A,ascending,113,59160,IW,"VH,VV"
S1A_IW_GRDH_1SDV_20250517T103338_20250517T103407_059233_0759AF_rtc,2025-05-17T10:33:52.581769+00:00,2025-05-17,S1A,ascending,11,59233,IW,"VH,VV"
S1A_IW_GRDH_1SDV_20250524T102525_20250524T102554_059335_075D38_rtc,2025-05-24T10:25:39.617261+00:00,2025-05-24,S1A,ascending,113,59335,IW,"VH,VV"
S1A_IW_GRDH_1SDV_20250605T102524_20250605T102553_059510_rtc,2025-06-05T10:25:39.019960+00:00,2025-06-05,S1A,ascending,113,59510,IW,"VH,VV"
S1A_IW_GRDH_1SDV_20250617T102523_20250617T102552_059685_076942_rtc,2025-06-17T10:25:38.271497+00:00,2025-06-17,S1A,ascending,113,59685,IW,"VH,VV"
S1A_IW_GRDH_1SDV_20250629T102523_20250629T102552_059860_076F56_rtc,2025-06-29T10:25:37.850167+00:00,2025-06-29,S1A,ascending,113,59860,IW,"VH,VV"
S1A_IW_GRDH_1SDV_20250711T102522_20250711T102551_060035_rtc,2025-07-11T10:25:37.172114+00:00,2025-07-11,S1A,ascending,113,60035,IW,"VH,VV"
S1A_IW_GRDH_1SDV_20250716T103335_20250716T103404_060108_rtc,2025-07-16T10:33:49.582320+00:00,2025-07-16,S1A,ascending,11,60108,IW,"VH,VV"
S1A_IW_GRDH_1SDV_20250723T102522_20250723T102551_060210_rtc,2025-07-23T10:25:36.591230+00:00,2025-07-23,S1A,ascending,113,60210,IW,"VH,VV"
S1A_IW_GRDH_1SDV_20250728T103334_20250728T103403_060283_rtc,2025-07-28T10:33:49.312776+00:00,2025-07-28,S1A,ascending,11,60283,IW,"VH,VV"
S1A_IW_GRDH_1SDV_20250804T102521_20250804T102550_060385_rtc,2025-08-04T10:25:36.453405+00:00,2025-08-04,S1A,ascending,113,60385,IW,"VH,VV"
S1A_IW_GRDH_1SDV_20250809T103334_20250809T103403_060458_rtc,2025-08-09T10:33:49.217992+00:00,2025-08-09,S1A,ascending,11,60458,IW,"VH,VV"
S1A_IW_GRDH_1SDV_20250816T102521_20250816T102550_060560_07882B_rtc,2025-08-16T10:25:36.390521+00:00,2025-08-16,S1A,ascending,113,60560,IW,"VH,VV"
S1A_IW_GRDH_1SDV_20250821T103334_20250821T103403_060633_078B12_rtc,2025-08-21T10:33:49.204579+00:00,2025-08-21,S1A,ascending,11,60633,IW,"VH,VV"
S1A_IW_GRDH_1SDV_20250828T102522_20250828T102551_060735_078F10_rtc,2025-08-28T10:25:36.575387+00:00,2025-08-28,S1A,ascending,113,60735,IW,"VH,VV"
S1A_IW_GRDH_1SDV_20250902T103334_20250902T103403_060808_0791FA_rtc,2025-09-02T10:33:49.337522+00:00,2025-09-02,S1A,ascending,11,60808,IW,"VH,VV"
S1A_IW_GRDH_1SDV_20250909T102522_20250909T102551_060910_079608_rtc,2025-09-09T10:25:36.992478+00:00,2025-09-09,S1A,ascending,113,60910,IW,"VH,VV"
S1A_IW_GRDH_1SDV_20250914T103335_20250914T103404_060983_0798FF_rtc,2025-09-14T10:33:49.782888+00:00,2025-09-14,S1A,ascending,11,60983,IW,"VH,VV"
S1A_IW_GRDH_1SDV_20250921T102522_20250921T102551_061085_079D08_rtc,2025-09-21T10:25:37.234539+00:00,2025-09-21,S1A,ascending,113,61085,IW,"VH,VV"
S1A_IW_GRDH_1SDV_20250926T103335_20250926T103404_061158_07A005_rtc,2025-09-26T10:33:49.791255+00:00,2025-09-26,S1A,ascending,11,61158,IW,"VH,VV"
S1A_IW_GRDH_1SDV_20251003T102522_20251003T102551_061260_07A41C_rtc,2025-10-03T10:25:37.085096+00:00,2025-10-03,S1A,ascending,113,61260,IW,"VH,VV"
S1A_IW_GRDH_1SDV_20251008T103335_20251008T103404_061333_07A713_rtc,2025-10-08T10:33:50.486369+00:00,2025-10-08,S1A,ascending,11,61333,IW,"VH,VV"
S1A_IW_GRDH_1SDV_20251015T102522_20251015T102551_061435_07AB27_rtc,2025-10-15T10:25:37.425217+00:00,2025-10-15,S1A,ascending,113,61435,IW,"VH,VV"
S1A_IW_GRDH_1SDV_20251020T103335_20251020T103404_061508_07AE18_rtc,2025-10-20T10:33:50.200152+00:00,2025-10-20,S1A,ascending,11,61508,IW,"VH,VV"
S1A_IW_GRDH_1SDV_20251027T102522_20251027T102551_061610_07B22D_rtc,2025-10-27T10:25:37.168308+00:00,2025-10-27,S1A,ascending,113,61610,IW,"VH,VV"
S1A_IW_GRDH_1SDV_20251101T103335_20251101T103404_061683_07B51F_rtc,2025-11-01T10:33:49.872768+00:00,2025-11-01,S1A,ascending,11,61683,IW,"VH,VV"
S1A_IW_GRDH_1SDV_20251108T102522_20251108T102551_061785_07B907_rtc,2025-11-08T10:25:36.589877+00:00,2025-11-08,S1A,ascending,113,61785,IW,"VH,VV"
S1A_IW_GRDH_1SDV_20251113T103334_20251113T103403_061858_07BBE0_rtc,2025-11-13T10:33:49.068222+00:00,2025-11-13,S1A,ascending,11,61858,IW,"VH,VV"
S1A_IW_GRDH_1SDV_20251120T102521_20251120T102550_061960_07BFD2_rtc,2025-11-20T10:25:36.313307+00:00,2025-11-20,S1A,ascending,113,61960,IW,"VH,VV"
S1A_IW_GRDH_1SDV_20251125T103333_20251125T103402_062033_07C2B0_rtc,2025-11-25T10:33:48.313031+00:00,2025-11-25,S1A,ascending,11,62033,IW,"VH,VV"
S1A_IW_GRDH_1SDV_20251202T102520_20251202T102549_062135_07C6A6_rtc,2025-12-02T10:25:35.035011+00:00,2025-12-02,S1A,ascending,113,62135,IW,"VH,VV"
S1A_IW_GRDH_1SDV_20251207T103332_20251207T103401_062208_07C98E_rtc,2025-12-07T10:33:47.175292+00:00,2025-12-07,S1A,ascending,11,62208,IW,"VH,VV"
S1A_IW_GRDH_1SDV_20251214T102519_20251214T102548_062310_07CD7E_rtc,2025-12-14T10:25:33.945591+00:00,2025-12-14,S1A,ascending,113,62310,IW,"VH,VV"
S1A_IW_GRDH_1SDV_20251219T103331_20251219T103400_062383_07D060_rtc,2025-12-19T10:33:46.006985+00:00,2025-12-19,S1A,ascending,11,62383,IW,"VH,VV"
S1A_IW_GRDH_1SDV_20251226T102517_20251226T102546_062485_07D44C_rtc,2025-12-26T10:25:32.467040+00:00,2025-12-26,S1A,ascending,113,62485,IW,"VH,VV"
S1A_IW_GRDH_1SDV_20251231T103330_20251231T103359_062558_07D71E_rtc,2025-12-31T10:33:44.692538+00:00,2025-12-31,S1A,ascending,11,62558,IW,"VH,VV"
S1A_IW_GRDH_1SDV_20260107T102516_20260107T102545_062660_07DB0D_rtc,2026-01-07T10:25:31.266189+00:00,2026-01-07,S1A,ascending,113,62660,IW,"VH,VV"
S1A_IW_GRDH_1SDV_20260112T103329_20260112T103358_062733_07DDD8_rtc,2026-01-12T10:33:43.687625+00:00,2026-01-12,S1A,ascending,11,62733,IW,"VH,VV"
S1A_IW_GRDH_1SDV_20260124T103327_20260124T103356_062908_07E432_rtc,2026-01-24T10:33:42.165373+00:00,2026-01-24,S1A,ascending,11,62908,IW,"VH,VV"
S1A_IW_GRDH_1SDV_20260131T102515_20260131T102544_063010_07E80D_rtc,2026-01-31T10:25:29.839218+00:00,2026-01-31,S1A,ascending,113,63010,IW,"VH,VV"
S1A_IW_GRDH_1SDV_20260205T103327_20260205T103356_063083_07EACE_rtc,2026-02-05T10:33:41.946167+00:00,2026-02-05,S1A,ascending,11,63083,IW,"VH,VV"
S1A_IW_GRDH_1SDV_20260212T102514_20260212T102543_063185_07EE92_rtc,2026-02-12T10:25:29.002234+00:00,2026-02-12,S1A,ascending,113,63185,IW,"VH,VV"
S1A_IW_GRDH_1SDV_20260217T103326_20260217T103355_063258_07F155_rtc,2026-02-17T10:33:41.333359+00:00,2026-02-17,S1A,ascending,11,63258,IW,"VH,VV"
S1A_IW_GRDH_1SDV_20260224T102514_20260224T102543_063360_07F536_rtc,2026-02-24T10:25:28.612818+00:00,2026-02-24,S1A,ascending,113,63360,IW,"VH,VV"
S1A_IW_GRDH_1SDV_20260308T102514_20260308T102543_063535_07FBDE_rtc,2026-03-08T10:25:28.572267+00:00,2026-03-08,S1A,ascending,113,63535,IW,"VH,VV"
S1A_IW_GRDH_1SDV_20260320T102514_20260320T102543_063710_080266_rtc,2026-03-20T10:25:28.542431+00:00,2026-03-20,S1A,ascending,113,63710,IW,"VH,VV"
S1A_IW_GRDH_1SDV_20260325T103326_20260325T103355_063783_080530_rtc,2026-03-25T10:33:41.388388+00:00,2026-03-25,S1A,ascending,11,63783,IW,"VH,VV"
S1A_IW_GRDH_1SDV_20260401T102513_20260401T102542_063885_0808E9_rtc,2026-04-01T10:25:28.440517+00:00,2026-04-01,S1A,ascending,113,63885,IW,"VH,VV"
S1A_IW_GRDH_1SDV_20260406T103326_20260406T103355_063958_080BB5_rtc,2026-04-06T10:33:41.461156+00:00,2026-04-06,S1A,ascending,11,63958,IW,"VH,VV"
S1A_IW_GRDH_1SDV_20260413T102514_20260413T102543_064060_080F7C_rtc,2026-04-13T10:25:28.741130+00:00,2026-04-13,S1A,ascending,113,64060,IW,"VH,VV"
S1A_IW_GRDH_1SDV_20260418T103326_20260418T103355_064133_081242_rtc,2026-04-18T10:33:41.477296+00:00,2026-04-18,S1A,ascending,11,64133,IW,"VH,VV"
S1A_IW_GRDH_1SDV_20260425T102514_20260425T102543_064235_081607_rtc,2026-04-25T10:25:28.871588+00:00,2026-04-25,S1A,ascending,113,64235,IW,"VH,VV"
S1A_IW_GRDH_1SDV_20260430T103326_20260430T103355_064308_0818C5_rtc,2026-04-30T10:33:41.244010+00:00,2026-04-30,S1A,ascending,11,64308,IW,"VH,VV"
S1A_IW_GRDH_1SDV_20260507T102513_20260507T102542_064410_081C82_rtc,2026-05-07T10:25:28.310835+00:00,2026-05-07,S1A,ascending,113,64410,IW,"VH,VV"
S1A_IW_GRDH_1SDV_20260524T103325_20260524T103354_064658_08252A_rtc,2026-05-24T10:33:40.401232+00:00,2026-05-24,S1A,ascending,11,64658,IW,"VH,VV"
S1A_IW_GRDH_1SDV_20260531T102512_20260531T102541_064760_0828C6_rtc,2026-05-31T10:25:27.274110+00:00,2026-05-31,S1A,ascending,113,64760,IW,"VH,VV"
S1A_IW_GRDH_1SDV_20260605T103325_20260605T103354_064833_082B56_rtc,2026-06-05T10:33:39.770482+00:00,2026-06-05,S1A,ascending,11,64833,IW,"VH,VV"
S1A_IW_GRDH_1SDV_20260617T103324_20260617T103353_065008_083169_rtc,2026-06-17T10:33:39.131926+00:00,2026-06-17,S1A,ascending,11,65008,IW,"VH,VV"
S1A_IW_GRDH_1SDV_20260624T102511_20260624T102540_065110_083506_rtc,2026-06-24T10:25:25.862756+00:00,2026-06-24,S1A,ascending,113,65110,IW,"VH,VV"
S1D_IW_GRDH_1SDV_20260701T102431_20260701T102500_003479_006263_rtc,2026-07-01T10:24:45.675630+00:00,2026-07-01,S1D,ascending,113,3479,IW,"VH,VV"
S1D_IW_GRDH_1SDV_20260706T103244_20260706T103313_003552_0064EE_rtc,2026-07-06T10:32:58.700182+00:00,2026-07-06,S1D,ascending,11,3552,IW,"VH,VV"
S1D_IW_GRDH_1SDV_20260713T102431_20260713T102501_003654_006858_rtc,2026-07-13T10:24:46.459994+00:00,2026-07-13,S1D,ascending,113,3654,IW,"VH,VV"
S1D_IW_GRDH_1SDV_20260718T103244_20260718T103314_003727_006AE0_rtc,2026-07-18T10:32:59.622233+00:00,2026-07-18,S1D,ascending,11,3727,IW,"VH,VV"
S1D_IW_GRDH_1SDV_20260725T102432_20260725T102501_003829_006E57_rtc,2026-07-25T10:24:47.331730+00:00,2026-07-25,S1D,ascending,113,3829,IW,"VH,VV"
S1D_IW_GRDH_1SDV_20260730T103245_20260730T103314_003902_0070E3_rtc,2026-07-30T10:33:00.158449+00:00,2026-07-30,S1D,ascending,11,3902,IW,"VH,VV"
S1D_IW_GRDH_1SDV_20260806T102449_20260806T102518_004004_00746C_rtc,2026-08-06T10:25:04.226797+00:00,2026-08-06,S1D,ascending,113,4004,IW,"VH,VV"
S1D_IW_GRDH_1SDV_20260811T103246_20260811T103315_004077_0076F2_rtc,2026-08-11T10:33:00.744261+00:00,2026-08-11,S1D,ascending,11,4077,IW,"VH,VV"
S1D_IW_GRDH_1SDV_20260818T102450_20260818T102519_004179_007A71_rtc,2026-08-18T10:25:04.711718+00:00,2026-08-18,S1D,ascending,113,4179,IW,"VH,VV"
S1D_IW_GRDH_1SDV_20260823T103246_20260823T103327_004252_007D11_rtc,2026-08-23T10:33:07.029275+00:00,2026-08-23,S1D,ascending,11,4252,IW,"VH,VV"
S1D_IW_GRDH_1SDV_20260830T102450_20260830T102520_004354_0080A0_rtc,2026-08-30T10:25:05.440591+00:00,2026-08-30,S1D,ascending,113,4354,IW,"VH,VV"
